Player,Team,#,Nation,Position,Age,Matches,Starts,Minutes,Goals,Assists,Penalty Shoot,Total Shoot,Shoot on Target,Expected Goals (xG),Non-Penalty xG (npxG),Expected Assists (xAG),Yellow Cards,Red Cards,Touches,Dribbles,Tackles,Blocks,Shot-Creating Actions,Goal-Creating Actions,Passes Completed,Passes Attempted,Progressive Passes,Carries,Progressive Carries,Dribble Attempts,Successful Dribbles
Antonio Raillo,Mallorca,21,ESP,CB,32-315,16,16,1420,1,0,0,14,3,0.05,0.05,0.05625000000000001,2,0,909,14,21,20,10,1,651,756,46,418,16,3,2
Paulo Gazzaniga,Girona,13,ARG,GK,32-226,15,15,1350,0,0,0,0,0,0.0,0.0,0.0,3,0,554,1,0,0,0,0,437,532,0,325,0,2,1
Sergio Herrera,Osasuna,1,ESP,GK,31-073,15,15,1350,0,0,0,0,0,0.0,0.0,0.0,3,0,557,2,0,1,2,0,326,505,0,266,0,0,0
Álex Remiro,Real Sociedad,1,ESP,GK,29-147,15,15,1350,0,0,0,0,0,0.0,0.0,0.0,0,0,538,0,0,0,2,0,390,508,0,296,0,0,0
Enzo Boyomo,Valladolid,6,CMR,CB,22-317,15,15,1350,1,0,0,6,2,0.020000000000000004,0.020000000000000004,0.0,3,0,749,31,15,21,4,0,516,596,38,376,2,4,4
Antonio Sivera,Alavés,1,ESP,GK,28-005,15,15,1350,0,0,0,0,0,0.0,0.0,0.006666666666666667,3,0,483,1,0,0,7,0,250,444,1,224,0,0,0
David Soria,Getafe,13,ESP,GK,31-133,15,15,1350,0,0,0,0,0,0.0,0.0,0.0,0,0,399,3,0,0,3,0,199,367,0,162,0,0,0
Rui Silva,Real Betis,1,POR,GK,30-190,15,15,1350,0,0,0,0,0,0.0,0.0,0.006666666666666667,1,0,553,0,0,1,5,0,412,524,0,333,0,0,0
Raphinha,Barcelona,11,BRA,"AM,LW,RW",27-247,16,16,1347,11,6,1,50,23,0.6375,0.5875,0.475,1,0,835,19,5,10,89,15,469,666,71,443,52,46,23
Luis Milla,Getafe,5,ESP,CM,29-313,15,15,1334,1,1,1,18,3,0.09333333333333332,0.04000000000000001,0.1,1,0,842,30,9,19,66,2,515,698,85,395,21,21,11
Iñigo Martínez,Barcelona,5,ESP,CB,33-092,15,15,1330,0,1,0,7,1,0.020000000000000004,0.020000000000000004,0.08,3,0,1475,16,11,9,26,4,1237,1367,114,958,32,0,0
Carmona,Sevilla,32,ESP,RB,22-200,15,15,1322,0,0,0,11,3,0.013333333333333334,0.013333333333333334,0.05333333333333334,3,0,1000,41,34,15,24,0,686,848,53,456,14,17,6
Martín Zubimendi,Real Sociedad,4,ESP,CM,25-198,15,15,1305,1,1,0,11,4,0.10666666666666667,0.10666666666666667,0.03333333333333333,2,0,1020,39,16,18,25,3,722,852,103,500,26,17,12
Sergi,Leganés,6,ESP,CB,32-119,15,15,1302,1,0,0,5,2,0.060000000000000005,0.060000000000000005,0.0,2,0,892,19,23,15,6,2,608,731,30,462,3,2,2
Federico Valverde,Real Madrid,8,URU,"RM,LM",26-027,15,15,1300,3,2,0,18,11,0.04666666666666667,0.04666666666666667,0.09333333333333332,2,0,1078,23,26,23,36,6,836,941,92,629,27,13,8
Pau Cubarsí,Barcelona,2,ESP,CB,17-208,16,16,1291,0,1,0,7,0,0.043750000000000004,0.043750000000000004,0.05625,3,0,1314,12,10,5,21,4,1146,1225,82,812,8,4,4
Samu Costa,Mallorca,12,POR,LM,23-265,15,15,1279,0,2,0,18,6,0.060000000000000005,0.060000000000000005,0.06666666666666667,6,1,889,40,17,21,28,4,577,709,63,491,9,11,4
Antonio Rüdiger,Real Madrid,22,GER,CB,31-168,15,15,1267,0,0,0,12,2,0.07333333333333333,0.07333333333333333,0.006666666666666667,1,0,1155,11,5,15,15,1,950,1040,53,714,10,3,2
Omar Alderete,Getafe,15,PAR,CB,27-233,14,14,1260,0,0,0,18,6,0.021428571428571432,0.021428571428571432,0.049999999999999996,3,0,707,20,15,13,22,3,368,540,61,292,17,11,6
Jan Oblak,Atlético Madrid,13,SVN,GK,31-225,14,14,1260,0,0,0,0,0,0.0,0.0,0.0,0,0,385,0,0,0,3,1,295,367,0,205,0,1,1
Catena,Osasuna,24,ESP,CB,29-294,14,14,1260,0,0,0,5,1,0.028571428571428574,0.028571428571428574,0.0,4,0,664,24,15,16,7,1,378,502,31,286,6,3,2
Diego Conde,Villarreal,13,ESP,GK,25-296,14,14,1260,0,1,0,0,0,0.0,0.0,0.014285714285714287,1,0,438,2,1,0,3,1,311,397,0,256,0,0,0
Joan García,Espanyol,1,ESP,GK,23-107,14,14,1260,0,0,0,1,1,0.0071428571428571435,0.0071428571428571435,0.0,2,0,473,0,0,0,1,0,305,443,1,283,0,0,0
Karl Jakob Hein,Valladolid,13,EST,GK,22-128,14,14,1260,0,0,0,0,0,0.0,0.0,0.0,0,0,603,0,0,0,2,0,410,556,0,319,0,0,0
Diego Rico,Getafe,16,ESP,LB,31-174,15,15,1257,0,1,0,9,3,0.013333333333333334,0.013333333333333334,0.09333333333333334,4,0,844,41,13,11,41,5,476,705,61,320,20,9,4
Jules Koundé,Barcelona,23,FRA,RB,25-279,16,16,1255,1,2,0,8,2,0.018750000000000003,0.018750000000000003,0.10625,2,0,1107,33,7,16,22,3,823,954,73,540,23,28,13
Miguel Gutiérrez,Girona,3,ESP,"LB,WB",23-019,14,14,1251,1,2,0,16,7,0.07142857142857142,0.07142857142857142,0.19999999999999998,1,0,911,23,9,6,37,3,658,778,56,496,33,37,16
Robert Lewandowski,Barcelona,9,POL,FW,35-362,15,15,1248,15,2,3,48,25,0.94,0.7866666666666667,0.15333333333333335,1,0,432,6,1,9,33,1,204,276,27,236,13,20,14
Jesús Areso,Osasuna,12,ESP,RB,25-046,14,14,1242,0,1,0,3,0,0.0,0.0,0.07857142857142858,2,0,742,25,5,15,24,2,412,600,38,321,40,23,10
Carlos Vicente,Alavés,7,ESP,RB,25-115,14,14,1233,3,0,0,18,8,0.12142857142857143,0.12142857142857143,0.13571428571428573,1,0,520,13,4,9,44,1,241,375,22,260,38,46,13
Sergi Cardona,Villarreal,23,ESP,LB,25-042,14,14,1232,1,1,0,14,3,0.12142857142857143,0.12142857142857143,0.12142857142857143,5,0,746,28,18,25,32,4,449,585,31,335,26,12,5
Diego Llorente,Real Betis,3,ESP,CB,30-365,14,14,1224,0,0,0,4,1,0.03571428571428571,0.03571428571428571,0.0071428571428571435,0,0,987,17,24,16,6,1,725,837,38,581,2,4,4
Omar El Hilali,Espanyol,23,MAR,"RB,CB",20-342,14,14,1220,0,0,0,0,0,0.0,0.0,0.0,4,0,715,47,12,18,7,0,434,563,36,311,17,12,7
Luis Pérez,Valladolid,2,ESP,RB,29-197,14,14,1220,0,0,0,3,1,0.0,0.0,0.049999999999999996,2,0,692,23,16,17,25,2,428,563,47,287,15,9,3
Lucas Torró,Osasuna,6,ESP,CM,30-029,14,14,1219,2,0,0,7,3,0.049999999999999996,0.049999999999999996,0.02142857142857143,5,0,709,32,20,23,10,1,404,553,41,263,3,3,2
Aimar Oroz,Osasuna,10,ESP,LW,22-264,15,15,1208,1,0,0,19,6,0.09333333333333332,0.09333333333333332,0.07333333333333333,2,0,541,17,15,16,39,2,342,418,61,323,24,27,14
David López,Girona,5,ESP,CB,34-311,14,14,1207,0,0,0,4,0,0.0071428571428571435,0.0071428571428571435,0.0,2,0,1214,14,9,16,8,1,1007,1099,52,725,8,8,5
Alex Král,Espanyol,20,CZE,CM,26-092,14,14,1204,0,0,0,8,0,0.021428571428571432,0.021428571428571432,0.028571428571428574,0,0,502,34,15,18,16,0,261,354,44,265,18,27,16
Iñaki Williams,Athletic Club,9,GHA,RW,30-061,15,15,1203,3,4,0,22,7,0.22,0.22,0.2733333333333333,0,0,483,10,8,12,35,7,207,339,29,304,36,49,20
Kylian Mbappé,Real Madrid,9,FRA,FW,25-242,14,14,1199,8,1,4,61,28,0.7999999999999999,0.5714285714285714,0.09999999999999999,1,0,609,3,0,1,43,4,357,427,63,420,64,86,37
Dodi Lukebakio,Sevilla,11,BEL,"LW,RW",26-327,15,15,1181,6,0,1,42,17,0.30666666666666664,0.2533333333333333,0.06666666666666667,1,0,555,7,1,7,38,0,288,389,26,361,61,68,35
Johan Mojica,Mallorca,22,COL,LB,31-363,15,15,1178,1,1,0,5,1,0.026666666666666665,0.026666666666666665,0.10666666666666667,3,0,770,18,12,3,28,2,475,642,55,384,20,34,15
Pedri,Barcelona,8,ESP,"LM,AM",21-266,16,16,1172,3,2,0,12,6,0.05625,0.05625,0.1125,2,0,1020,22,11,19,50,6,763,881,97,618,31,19,11
Lucas Oliveira Rosa,Valladolid,22,BRA,LB,24-138,13,13,1170,0,0,0,4,1,0.015384615384615385,0.015384615384615385,0.02307692307692308,4,0,652,36,20,16,18,0,385,520,30,271,19,18,7
Cristhian Mosquera,Valencia,3,ESP,CB,20-051,13,13,1170,0,0,0,3,1,0.015384615384615385,0.015384615384615385,0.0,3,0,769,11,14,13,1,0,601,664,42,452,13,8,5
Giorgi Mamardashvili,Valencia,25,GEO,GK,23-323,13,13,1170,0,0,0,0,0,0.0,0.0,0.0,0,0,440,0,0,0,2,0,274,412,0,205,1,0,0
Kirian Rodríguez,Las Palmas,20,ESP,DM,28-164,14,14,1169,0,3,0,14,4,0.08571428571428572,0.08571428571428572,0.07857142857142858,2,0,932,20,7,17,33,6,703,829,91,532,17,12,7
Florian Lejeune,Rayo Vallecano,24,FRA,CB,33-090,13,13,1165,0,1,0,18,5,0.05384615384615384,0.05384615384615384,0.007692307692307693,2,0,762,20,7,14,7,0,511,633,51,404,12,3,3
Jasper Cillessen,Las Palmas,1,NED,GK,35-116,13,13,1139,0,0,0,0,0,0.0,0.0,0.0,1,0,573,1,0,0,0,0,362,524,0,350,0,0,0
Alberto Moleiro,Las Palmas,10,ESP,LW,20-321,15,15,1134,4,0,0,32,14,0.19333333333333333,0.19333333333333333,0.1,3,0,602,15,7,13,49,3,367,440,55,413,42,73,33
Abdel Abqar,Alavés,5,MAR,CB,25-159,14,14,1128,0,1,0,5,1,0.028571428571428574,0.028571428571428574,0.0071428571428571435,7,0,542,18,23,14,15,2,298,413,49,249,11,2,1
Julen Agirrezabala,Athletic Club,13,ESP,GK,23-246,13,13,1116,0,0,0,0,0,0.0,0.0,0.0,1,1,400,0,0,0,3,0,257,376,0,216,0,0,0
Igor Zubeldia,Real Sociedad,5,ESP,CB,27-151,13,13,1115,0,0,0,2,2,0.007692307692307693,0.007692307692307693,0.023076923076923075,4,0,882,15,11,19,8,1,663,768,52,532,8,0,0
Sergio Gómez,Real Sociedad,17,ESP,RW,23-349,15,15,1113,0,3,0,7,5,0.006666666666666667,0.006666666666666667,0.31333333333333335,1,0,830,38,7,21,50,4,541,707,48,387,20,23,10
Nahuel Tenaglia,Alavés,14,ARG,CB,28-177,13,13,1111,1,1,0,9,2,0.038461538461538464,0.038461538461538464,0.05384615384615385,3,0,541,28,10,8,22,1,265,404,25,214,13,13,6
Lamine Yamal,Barcelona,19,ESP,RW,17-035,14,14,1110,5,8,0,49,18,0.32142857142857145,0.32142857142857145,0.42857142857142855,1,0,722,20,8,7,72,16,390,517,67,501,68,102,40
Antoine Griezmann,Atlético Madrid,7,FRA,"AM,FW",33-151,15,15,1104,5,4,1,19,8,0.22666666666666666,0.1733333333333333,0.24666666666666667,1,0,754,12,5,12,42,7,470,656,72,419,23,15,8
Ante Budimir,Osasuna,17,CRO,FW,33-026,15,15,1103,9,1,4,35,10,0.43333333333333335,0.23333333333333334,0.04000000000000001,1,0,326,8,1,10,22,6,100,178,13,159,12,14,6
Kiko Femenía,Villarreal,17,ESP,RB,33-199,13,13,1103,0,1,0,2,0,0.0,0.0,0.038461538461538464,4,0,852,25,17,14,19,2,676,758,55,441,29,14,11
Chrisantus Uche,Getafe,6,NGA,FW,21-088,15,15,1102,1,0,0,23,5,0.13333333333333333,0.13333333333333333,0.013333333333333334,3,0,403,9,2,7,34,1,166,243,19,253,20,43,18
Carl Starfelt,Celta Vigo,2,SWE,CB,29-076,14,14,1096,1,0,0,4,1,0.021428571428571432,0.021428571428571432,0.0071428571428571435,2,0,922,15,16,18,6,1,752,801,30,578,2,0,0
Óscar Mingueza,Celta Vigo,3,ESP,WB,25-095,14,14,1095,2,5,0,12,3,0.028571428571428574,0.028571428571428574,0.3,3,0,963,17,7,13,43,9,660,856,76,582,35,28,14
Thibaut Courtois,Real Madrid,1,BEL,GK,32-099,12,12,1080,0,0,0,0,0,0.0,0.0,0.0,0,0,485,0,1,0,1,0,396,463,0,302,0,1,0
Nemanja Gudelj,Sevilla,6,SRB,"CB,DM",32-274,13,13,1080,0,0,0,8,2,0.015384615384615385,0.015384615384615385,0.015384615384615385,3,0,715,22,13,11,14,0,498,596,31,294,5,4,3
Álex Suárez,Las Palmas,4,ESP,CB,31-151,13,13,1073,0,0,0,1,1,0.007692307692307693,0.007692307692307693,0.0,4,0,694,17,4,18,5,1,491,579,19,340,1,0,0
Vinicius Júnior,Real Madrid,7,BRA,LW,24-037,13,13,1069,8,5,2,36,9,0.43846153846153846,0.33076923076923076,0.36153846153846153,4,0,595,11,0,5,64,11,316,425,43,450,82,94,38
Iago Aspas,Celta Vigo,10,ESP,AM,37-015,14,14,1068,5,3,3,28,11,0.38571428571428573,0.21428571428571427,0.15,4,1,591,11,4,13,36,7,361,487,73,432,34,19,10
Iglesias,Getafe,21,ESP,RB,26-043,15,15,1067,0,0,0,8,1,0.006666666666666667,0.006666666666666667,0.06666666666666667,1,0,652,37,22,15,30,1,270,490,30,210,13,16,6
Koke,Atlético Madrid,6,ESP,CM,32-224,15,15,1062,1,0,0,7,3,0.05999999999999999,0.05999999999999999,0.06666666666666667,3,0,934,25,11,12,22,3,716,830,58,522,10,13,5
Martin Valjent,Mallorca,24,SVK,CB,28-251,12,12,1060,0,0,0,3,1,0.016666666666666666,0.016666666666666666,0.0,2,0,607,13,6,11,8,0,438,511,33,321,7,3,2
Abde Ezzalzouli,Real Betis,10,MAR,LW,22-242,15,15,1052,1,0,1,35,12,0.36000000000000004,0.30666666666666664,0.04000000000000001,1,0,609,19,4,15,34,2,297,420,46,389,65,65,32
Bryan Zaragoza,Osasuna,19,ESP,LM,23-114,15,15,1051,1,5,0,18,7,0.12000000000000001,0.12000000000000001,0.14666666666666667,3,0,396,11,1,7,40,7,158,265,26,263,59,72,33
Daniel Vivian,Athletic Club,3,ESP,CB,25-031,13,13,1045,2,0,0,8,3,0.061538461538461535,0.061538461538461535,0.0,1,0,808,16,14,12,12,1,592,685,71,446,12,7,5
Hugo Álvarez,Celta Vigo,30,ESP,WB,21-045,15,15,1044,2,1,0,16,6,0.10666666666666667,0.10666666666666667,0.04000000000000001,4,0,813,19,8,13,30,6,534,671,34,500,49,52,21
Sergi Darder,Mallorca,10,ESP,RM,30-240,16,16,1044,0,1,0,11,4,0.03125,0.03125,0.0875,0,0,581,22,5,7,44,2,363,490,51,323,20,24,10
Nico Williams,Athletic Club,10,ESP,LW,22-034,14,14,1043,1,3,0,27,8,0.14285714285714285,0.14285714285714285,0.16428571428571428,1,0,545,21,4,8,62,8,256,367,37,348,75,89,34
Carles Pérez,Getafe,17,ESP,RM,26-181,15,15,1040,0,0,0,24,4,0.08000000000000002,0.08000000000000002,0.06666666666666667,1,0,384,22,6,12,31,0,163,243,15,202,21,39,16
Djené,Getafe,2,TOG,CB,32-228,13,13,1037,0,0,0,3,0,0.007692307692307693,0.007692307692307693,0.03076923076923077,5,0,492,6,11,8,7,0,299,395,35,225,8,8,2
Manu Sánchez,Alavés,3,ESP,LB,24-001,13,13,1031,0,0,0,3,0,0.007692307692307693,0.007692307692307693,0.007692307692307693,5,0,543,21,12,20,16,1,299,429,37,210,22,13,3
Raúl Moro,Valladolid,11,ESP,LW,21-258,14,14,1029,3,0,0,18,6,0.12142857142857144,0.12142857142857144,0.15,1,0,436,11,8,6,44,1,210,320,39,255,49,60,27
Alejandro Balde,Barcelona,3,ESP,LB,20-304,14,14,1021,0,2,0,6,1,0.021428571428571432,0.021428571428571432,0.09999999999999999,0,0,686,8,5,7,35,6,503,585,32,423,44,49,20
Takefusa Kubo,Real Sociedad,14,JPN,RW,23-075,15,15,1018,3,0,0,19,7,0.12000000000000001,0.12000000000000001,0.12000000000000001,1,0,551,19,6,23,47,3,279,391,53,365,66,60,29
José María Giménez,Atlético Madrid,2,URU,CB,29-212,13,13,1018,0,0,0,4,1,0.02307692307692308,0.02307692307692308,0.0,1,0,775,10,14,15,3,0,605,665,28,457,0,0,0
Romain Perraud,Real Betis,15,FRA,LB,26-328,14,14,1017,0,0,0,10,2,0.014285714285714287,0.014285714285714287,0.028571428571428574,4,0,760,19,14,9,17,1,501,631,34,392,28,15,7
Daniel Parejo,Villarreal,10,ESP,CM,35-125,14,14,1014,2,0,2,3,1,0.13571428571428573,0.014285714285714287,0.021428571428571432,5,0,749,18,7,8,27,6,598,677,74,406,3,6,6
Marash Kumbulla,Espanyol,4,ALB,CB,24-198,13,13,1012,1,0,0,3,1,0.05384615384615384,0.05384615384615384,0.0,4,0,628,16,12,24,9,1,404,478,29,349,6,5,1
Alex Baena,Villarreal,16,ESP,LM,23-030,13,13,1011,3,5,1,23,6,0.25384615384615383,0.19230769230769232,0.3230769230769231,4,0,606,7,12,12,73,7,334,498,71,365,26,21,7
Santi Comesaña,Villarreal,14,ESP,"CM,LM",27-319,14,14,1011,2,2,0,9,2,0.05714285714285715,0.05714285714285715,0.0642857142857143,3,0,669,31,9,19,35,3,477,544,65,375,18,14,5
Adrià Pedrosa,Sevilla,3,ESP,LB,26-095,13,13,1007,0,1,0,7,1,0.015384615384615385,0.015384615384615385,0.04615384615384615,4,0,702,30,9,20,18,2,412,557,30,283,13,16,7
Javi Puado,Espanyol,7,ESP,FW,26-086,12,12,1004,5,1,1,23,6,0.2416666666666667,0.17500000000000002,0.075,3,0,323,10,3,6,19,3,172,216,26,195,22,17,4
Daley Blind,Girona,17,NED,CB,34-159,13,13,996,0,1,0,2,1,0.007692307692307693,0.007692307692307693,0.04615384615384616,2,0,1084,17,13,15,15,3,889,994,102,697,20,10,7
Abdul Mumin,Rayo Vallecano,16,GHA,CB,26-073,12,12,993,1,1,0,3,1,0.016666666666666666,0.016666666666666666,0.016666666666666666,4,1,633,12,14,19,4,2,404,507,18,320,5,2,1
Vicente Guaita,Celta Vigo,13,ESP,GK,37-249,11,11,990,0,0,0,0,0,0.0,0.0,0.0,0,0,319,0,0,0,1,0,247,300,0,190,0,0,0
César Tárrega,Valencia,15,ESP,CB,22-184,11,11,990,2,0,0,7,2,0.10909090909090909,0.10909090909090909,0.0,3,0,626,14,6,9,2,0,401,522,30,327,9,2,2
Dominik Greif,Mallorca,1,SVK,GK,27-134,11,11,990,0,0,0,0,0,0.0,0.0,0.0,0,0,376,0,0,0,2,0,255,357,0,204,0,0,0
Andrei Ratiu,Rayo Vallecano,2,ROU,RB,26-059,11,11,979,1,1,0,15,3,0.09090909090909091,0.09090909090909091,0.16363636363636364,1,0,652,26,10,9,24,1,423,529,48,334,34,36,25
Isaac Romero,Sevilla,7,ESP,FW,24-090,13,13,978,0,2,0,26,7,0.16153846153846155,0.16153846153846155,0.0923076923076923,4,0,344,5,1,10,20,4,142,202,9,181,12,32,11
Luis Rioja,Alavés,11,ESP,LW,30-305,13,13,972,2,0,1,7,3,0.09230769230769233,0.03076923076923077,0.04615384615384616,3,0,438,14,11,13,20,3,213,338,25,225,24,29,11
Valentin Rosier,Leganés,12,FRA,RB,27-364,13,13,964,0,1,0,5,1,0.015384615384615385,0.015384615384615385,0.015384615384615385,4,0,599,36,16,14,11,2,330,440,16,243,13,13,8
Mauro Arambarri,Getafe,8,URU,CM,28-320,15,15,963,4,0,2,14,3,0.17333333333333334,0.06666666666666667,0.006666666666666667,4,0,406,13,3,9,13,1,198,291,26,183,6,13,6
Ørjan Nyland,Sevilla,13,NOR,GK,33-341,11,11,963,0,0,0,0,0,0.0,0.0,0.018181818181818184,1,0,413,1,0,0,5,1,238,388,1,240,0,0,0
Manu Morlanes,Mallorca,8,ESP,RM,25-219,15,15,959,0,0,0,7,0,0.006666666666666667,0.006666666666666667,0.013333333333333334,4,0,599,30,22,17,24,0,433,490,57,316,14,5,1
Pablo Fornals,Real Betis,18,ESP,RW,28-175,13,13,952,1,0,0,15,3,0.0923076923076923,0.0923076923076923,0.15384615384615385,2,0,608,11,13,17,53,4,388,507,78,336,16,17,5
Iñaki Peña,Barcelona,13,ESP,GK,25-204,11,11,946,0,0,0,0,0,0.0,0.0,0.0,1,0,493,0,0,0,1,1,414,466,0,287,0,0,0
Jofre,Espanyol,17,ESP,RM,23-063,14,14,941,2,3,0,19,5,0.1142857142857143,0.1142857142857143,0.1,4,0,335,7,8,3,26,5,149,208,21,212,25,47,14
Ander Guevara,Alavés,6,ESP,DM,27-040,14,14,940,0,1,0,6,0,0.028571428571428574,0.028571428571428574,0.028571428571428574,1,0,544,21,7,16,16,3,334,436,54,254,10,9,5
Éder Militão,Real Madrid,3,BRA,CB,26-213,12,12,938,1,1,0,10,3,0.041666666666666664,0.041666666666666664,0.03333333333333333,2,0,819,19,12,13,12,1,636,712,46,533,7,8,5
Diego López,Valencia,16,ESP,LM,22-096,13,13,936,2,1,0,12,4,0.06923076923076923,0.06923076923076923,0.10769230769230768,1,0,392,9,3,7,17,1,207,299,26,210,28,28,8
Marc Casado,Barcelona,17,ESP,"DM,RM",20-338,13,13,934,0,3,0,10,0,0.06153846153846154,0.06153846153846154,0.1,4,1,859,26,12,12,29,6,671,752,68,475,5,7,2
Alex Sola,Getafe,7,ESP,LM,25-067,15,15,934,0,1,0,14,2,0.060000000000000005,0.060000000000000005,0.04000000000000001,4,0,387,17,4,8,26,2,133,209,20,237,20,55,19
Carlos Romero,Espanyol,22,ESP,LB,22-295,14,14,930,1,1,0,10,2,0.06428571428571428,0.06428571428571428,0.049999999999999996,4,0,485,29,7,11,25,2,263,375,29,209,17,15,6
Vedat Muriqi,Mallorca,7,KVX,FW,30-116,12,12,929,3,1,0,27,10,0.3416666666666666,0.3416666666666666,0.05000000000000001,1,1,324,1,4,1,23,3,131,224,19,144,8,11,3
Jon Aramburu,Real Sociedad,27,VEN,RB,22-026,13,13,927,0,0,0,5,2,0.007692307692307693,0.007692307692307693,0.04615384615384616,4,0,730,43,12,14,17,1,461,594,40,320,11,13,6
Jon Moncayola,Osasuna,7,ESP,RM,26-096,14,14,925,0,0,0,10,2,0.0642857142857143,0.0642857142857143,0.12142857142857143,4,0,455,31,7,17,29,2,258,366,35,200,8,4,3
Antonio Blanco,Alavés,8,ESP,DM,24-024,14,14,925,0,1,0,11,1,0.03571428571428571,0.03571428571428571,0.03571428571428571,2,0,477,25,17,14,15,1,294,380,48,244,2,8,6
Juan Cruz,Leganés,11,ESP,RW,24-114,15,15,922,4,1,0,19,8,0.07333333333333333,0.07333333333333333,0.09333333333333334,1,0,431,7,6,6,23,2,218,337,34,252,29,33,19
Loïc Bade,Sevilla,22,FRA,CB,24-134,11,11,921,0,1,0,5,2,0.018181818181818184,0.018181818181818184,0.05454545454545454,3,0,772,20,9,10,7,1,554,656,12,442,2,11,8
Álex Muñoz,Las Palmas,23,ESP,LB,30-017,12,12,920,3,0,0,7,5,0.06666666666666667,0.06666666666666667,0.03333333333333333,1,0,705,28,14,20,9,0,464,565,33,299,9,6,1
Nayef Aguerd,Real Sociedad,21,MAR,CB,28-168,11,11,919,0,0,0,10,4,0.18181818181818182,0.18181818181818182,0.009090909090909092,3,0,830,15,7,10,8,0,657,736,33,537,13,2,1
Raúl Albiol,Villarreal,3,ESP,CB,38-350,12,12,918,0,0,0,1,0,0.008333333333333333,0.008333333333333333,0.0,5,0,651,6,6,9,1,1,501,570,19,354,0,0,0
Pablo Maffeo,Mallorca,23,ESP,RB,27-037,12,12,916,0,1,0,4,1,0.016666666666666666,0.016666666666666666,0.15,2,0,552,19,11,14,29,2,307,437,27,252,17,30,17
Logan Costa,Villarreal,2,CPV,CB,23-147,11,11,916,1,0,0,6,3,0.03636363636363637,0.03636363636363637,0.0,1,0,617,13,5,6,9,1,472,537,48,361,11,1,0
Javier Muñoz,Las Palmas,5,ESP,"AM,DM",29-170,15,15,915,0,2,0,8,3,0.020000000000000004,0.020000000000000004,0.08666666666666667,1,0,555,22,12,13,18,4,370,471,41,308,10,14,8
Jude Bellingham,Real Madrid,5,ENG,LM,21-050,11,11,915,4,3,1,15,6,0.2818181818181818,0.20909090909090908,0.10909090909090909,2,0,698,26,13,16,28,3,511,580,70,440,28,25,15
Aurélien Tchouaméni,Real Madrid,14,FRA,CM,24-204,11,11,914,0,0,0,5,0,0.05454545454545454,0.05454545454545454,0.02727272727272727,1,0,790,22,23,9,16,0,642,691,85,481,9,6,4
Yuri Berchiche,Athletic Club,17,ESP,LB,34-187,13,13,912,0,0,0,8,3,0.02307692307692308,0.02307692307692308,0.04615384615384615,2,0,695,14,9,11,12,0,498,600,69,319,20,8,4
Scott McKenna,Las Palmas,15,SCO,"LB,CB",27-278,11,11,908,0,0,0,5,0,0.06363636363636363,0.06363636363636363,0.018181818181818184,1,0,614,8,3,17,4,0,433,511,10,324,3,1,1
Seydouba Cissé,Leganés,8,GUI,AM,23-189,13,13,908,0,0,0,7,0,0.015384615384615385,0.015384615384615385,0.007692307692307693,2,0,565,21,6,11,18,2,395,463,47,311,12,22,13
Óscar Valentín,Rayo Vallecano,23,ESP,CM,29-364,13,13,905,0,0,0,2,1,0.023076923076923075,0.023076923076923075,0.015384615384615385,1,0,493,25,12,15,22,1,297,371,45,221,6,5,3
Marcos Alonso,Celta Vigo,20,ESP,CB,33-262,11,11,901,0,0,0,9,2,0.03636363636363637,0.03636363636363637,0.018181818181818184,3,0,857,13,12,6,9,0,673,762,67,587,22,8,3
Miguel,Leganés,9,ESP,FW,24-349,14,14,896,1,1,1,15,5,0.14285714285714285,0.08571428571428573,0.04285714285714286,3,0,241,7,3,10,13,3,66,125,6,142,12,19,7
Javi Hernández,Leganés,20,ESP,LB,26-107,12,12,895,0,1,0,5,1,0.016666666666666666,0.016666666666666666,0.075,1,0,491,15,13,8,10,1,271,376,25,224,17,11,8
Jorge de Frutos,Rayo Vallecano,19,ESP,RM,27-180,13,13,892,1,1,0,16,5,0.06923076923076923,0.06923076923076923,0.10769230769230768,1,0,376,18,5,6,25,2,192,267,17,228,23,31,14
Arnau Martinez,Girona,4,ESP,"RB,CM",21-112,12,12,888,1,1,0,5,2,0.03333333333333333,0.03333333333333333,0.075,2,0,822,18,3,4,19,1,648,743,68,447,11,10,6
Thierno Barry,Villarreal,15,FRA,FW,21-307,13,13,874,4,2,0,33,10,0.4076923076923077,0.4076923076923077,0.0923076923076923,1,0,255,4,0,6,21,2,72,131,10,140,16,16,3
Javi Rodríguez,Celta Vigo,32,ESP,WB,21-051,14,14,873,1,1,0,5,1,0.028571428571428574,0.028571428571428574,0.049999999999999996,3,0,735,15,10,8,11,1,567,657,42,481,11,4,1
Álex Berenguer,Athletic Club,7,ESP,LW,29-042,15,15,872,3,4,1,20,7,0.2533333333333333,0.2,0.16666666666666666,2,0,455,12,5,5,36,9,236,353,27,237,25,26,12
José Luis García Vayá,Valencia,18,ESP,CM,26-006,11,11,871,1,2,1,6,3,0.07272727272727274,0.0,0.12727272727272726,5,1,676,17,3,10,27,2,465,608,64,289,4,2,1
Hugo Duro,Valencia,9,ESP,FW,24-281,11,11,866,4,1,0,17,5,0.20909090909090908,0.2,0.05454545454545456,2,0,248,7,6,6,14,2,117,164,11,114,6,9,2
Mikel Oyarzabal,Real Sociedad,10,ESP,FW,27-119,13,13,863,3,1,2,17,5,0.3230769230769231,0.2,0.061538461538461535,2,1,265,9,0,3,13,3,138,189,11,145,9,3,2
Bryan Gil,Girona,20,ESP,RW,23-186,13,13,859,2,3,0,18,8,0.1076923076923077,0.1076923076923077,0.19230769230769232,2,0,528,18,5,13,33,5,334,400,40,354,30,50,22
Viti,Las Palmas,18,ESP,RB,26-335,14,14,859,0,1,0,0,0,0.0,0.0,0.04285714285714286,3,0,531,32,16,14,12,1,340,418,20,223,17,4,2
Matija Nastasić,Leganés,22,SRB,CB,31-169,10,10,855,0,0,0,0,0,0.0,0.0,0.0,2,0,459,12,9,20,2,0,281,345,23,194,0,1,1
Julián Álvarez,Atlético Madrid,19,ARG,FW,24-201,15,15,855,5,2,0,26,11,0.21333333333333335,0.21333333333333335,0.1,2,0,387,4,0,7,37,5,235,299,25,235,24,16,7
Dani Rodríguez,Mallorca,14,ESP,LW,36-073,16,16,847,3,4,0,11,5,0.0875,0.0875,0.09375,1,0,388,20,4,6,20,6,206,297,34,215,14,14,8
Abel,Osasuna,23,ESP,LB,23-362,14,14,846,2,0,0,5,3,0.014285714285714287,0.014285714285714287,0.021428571428571432,2,0,499,22,10,13,12,2,275,400,35,178,17,11,5
Yvan Neyou,Leganés,17,CMR,DM,27-227,11,11,846,1,1,0,5,1,0.009090909090909092,0.009090909090909092,0.018181818181818184,6,0,500,21,8,13,5,1,336,401,36,289,11,20,9
Eray Cömert,Valladolid,15,SUI,"CM,CB",26-197,12,12,844,0,0,0,6,0,0.03333333333333333,0.03333333333333333,0.0,3,0,500,12,12,13,5,0,342,404,19,263,4,2,2
Oihan Sancet,Athletic Club,8,ESP,AM,24-112,13,13,842,7,0,1,19,8,0.3384615384615385,0.27692307692307694,0.06923076923076923,1,0,411,8,5,5,25,3,252,310,45,246,24,22,10
Jon Guridi,Alavés,18,ESP,AM,29-170,13,13,836,2,0,1,9,3,0.11538461538461539,0.05384615384615384,0.04615384615384615,3,0,378,11,7,10,23,4,244,308,37,196,12,7,2
Kike Pérez,Valladolid,8,ESP,CM,27-187,14,14,834,1,0,0,14,3,0.05714285714285715,0.05714285714285715,0.05714285714285715,4,0,487,29,5,11,22,0,290,374,42,222,12,11,3
Iván Martín,Girona,23,ESP,"LM,CM",25-183,11,11,832,1,0,0,2,1,0.05454545454545454,0.05454545454545454,0.06363636363636363,0,0,689,13,5,11,20,2,572,624,57,455,21,20,12
Fran Beltrán,Celta Vigo,8,ESP,CM,25-195,11,11,826,1,0,0,7,1,0.018181818181818184,0.018181818181818184,0.07272727272727274,1,0,564,20,6,11,11,1,440,494,46,329,10,3,2
Óscar de Marcos,Athletic Club,18,ESP,RB,35-136,12,12,820,0,4,0,1,0,0.0,0.0,0.125,0,0,608,20,10,10,19,6,416,532,49,224,11,7,1
Natan,Real Betis,6,BRA,CB,23-201,12,12,819,0,0,0,5,1,0.0,0.0,0.041666666666666664,2,1,627,13,13,10,3,0,469,530,29,390,9,1,0
Sergi Altimira,Real Betis,16,ESP,DM,22-356,12,12,818,0,1,0,11,1,0.041666666666666664,0.03333333333333333,0.06666666666666667,2,0,658,23,5,12,22,1,490,553,47,402,10,8,7
Rodrygo,Real Madrid,11,BRA,RW,23-222,13,13,817,3,1,0,17,8,0.0923076923076923,0.0846153846153846,0.07692307692307693,0,0,523,6,1,11,43,4,367,427,38,339,39,42,19
Augusto Batalla,Rayo Vallecano,13,ARG,GK,28-139,9,9,810,0,0,0,0,0,0.0,0.0,0.0,1,0,345,0,0,0,1,0,200,325,2,199,0,0,0
Marko Dmitrović,Leganés,13,SRB,GK,32-242,9,9,810,0,0,0,0,0,0.0,0.0,0.0,0,0,329,0,0,0,2,0,143,301,0,154,0,0,0
Leandro Cabrera,Espanyol,6,URU,CB,33-063,10,10,810,1,1,0,6,2,0.02,0.02,0.030000000000000006,1,0,504,18,12,10,10,2,283,402,20,222,1,0,0
Yeray Álvarez,Athletic Club,5,ESP,CB,29-204,9,9,810,0,0,0,3,1,0.011111111111111112,0.011111111111111112,0.0,2,0,608,10,18,6,8,1,428,526,57,332,5,4,2
Renato Tapia,Leganés,5,PER,DM,29-020,14,14,808,1,0,0,4,3,0.021428571428571432,0.021428571428571432,0.0,4,0,511,25,10,20,6,2,281,387,25,226,9,10,4
Fábio Silva,Las Palmas,37,POR,CM,22-058,11,11,808,5,1,1,22,12,0.3,0.22727272727272727,0.009090909090909092,4,0,336,5,3,8,13,1,136,216,10,157,16,31,10
Yangel Herrera,Girona,21,VEN,RM,26-214,11,11,800,2,1,0,15,5,0.15454545454545457,0.15454545454545457,0.02727272727272728,4,0,579,28,12,7,18,1,382,460,49,352,9,12,7
Pablo Barrios,Atlético Madrid,8,ESP,CM,21-065,10,10,798,0,1,0,11,2,0.04,0.04,0.09,1,0,596,15,12,5,25,4,427,502,53,360,10,13,8
Luka Sučić,Real Sociedad,24,CRO,FW,21-345,11,11,795,1,1,0,20,5,0.1,0.1,0.10909090909090911,1,0,462,14,5,16,28,3,314,371,36,270,12,13,6
Roberto Navarro,Mallorca,27,ESP,"LM,LW,RW",22-141,13,13,792,1,0,0,12,5,0.0923076923076923,0.0923076923076923,0.04615384615384615,1,0,412,20,11,11,22,1,203,280,29,248,25,40,20
Gorka Guruzeta,Athletic Club,12,ESP,FW,27-338,15,15,791,4,2,0,21,10,0.14,0.14,0.020000000000000004,1,0,282,8,5,14,13,1,141,186,9,122,3,10,5
Darko Brašanac,Leganés,14,SRB,DM,32-187,13,13,790,1,2,0,6,2,0.07692307692307693,0.07692307692307693,0.007692307692307693,0,0,351,13,6,10,17,2,214,275,27,120,3,3,0
Mikel Jauregizar,Athletic Club,31,ESP,DM,20-286,13,13,788,1,0,0,7,1,0.015384615384615385,0.015384615384615385,0.03076923076923077,3,1,499,24,9,7,25,3,335,405,46,254,8,11,7
Álvaro García,Rayo Vallecano,18,ESP,RW,31-302,11,11,786,1,0,0,17,3,0.1636363636363636,0.1636363636363636,0.07272727272727274,3,0,373,18,12,8,37,1,181,277,30,198,21,9,3
Arnaut Danjuma,Villarreal,9,NED,FW,27-201,13,13,774,2,0,0,17,8,0.13076923076923078,0.13076923076923078,0.03076923076923077,2,0,317,7,1,5,16,0,173,232,21,199,46,34,9
Brais Méndez,Real Sociedad,23,ESP,RM,27-224,12,12,771,1,1,0,15,5,0.13333333333333333,0.13333333333333333,0.125,3,0,490,9,3,8,22,1,314,393,46,270,15,16,3
Thierry Correia,Valencia,12,POR,RB,25-161,11,11,768,0,0,0,7,3,0.02727272727272728,0.02727272727272728,0.02727272727272728,1,0,555,27,4,10,16,0,330,441,44,240,16,23,8
Marcos Llorente,Atlético Madrid,14,ESP,"WB,CM",29-202,10,10,764,2,2,0,7,4,0.01,0.01,0.24,0,1,527,19,7,6,20,4,381,456,35,311,20,11,4
Kiké,Alavés,17,ESP,FW,34-265,14,14,762,3,0,0,18,8,0.10714285714285714,0.10714285714285714,0.028571428571428574,4,1,234,4,0,0,15,2,102,157,19,140,3,14,7
Rubén García,Osasuna,14,ESP,RW,31-034,14,14,761,1,2,0,9,3,0.05714285714285715,0.05714285714285715,0.03571428571428571,1,0,469,21,9,13,27,4,259,369,36,233,7,11,3
Dario Essugo,Las Palmas,29,POR,CM,19-191,9,9,759,1,0,0,10,3,0.011111111111111112,0.011111111111111112,0.0,4,0,566,20,19,8,19,1,399,457,42,300,7,11,8
Aitor Paredes,Athletic Club,4,ESP,CB,24-108,9,9,754,1,0,0,3,1,0.13333333333333333,0.13333333333333333,0.0,4,1,493,6,8,10,4,0,351,409,25,255,1,0,0
Borja Iglesias,Celta Vigo,7,ESP,FW,31-212,15,15,748,4,0,0,17,10,0.24000000000000002,0.24000000000000002,0.04666666666666666,0,0,266,4,3,5,12,1,143,186,9,175,6,13,7
Stanko Jurić,Valladolid,20,CRO,CM,28-003,12,12,741,0,0,0,4,1,0.05833333333333333,0.05833333333333333,0.025000000000000005,4,0,388,22,8,14,4,0,247,294,26,158,2,4,4
Bertuğ Yıldırım,Getafe,10,TUR,FW,22-051,11,11,735,1,0,0,15,5,0.19090909090909092,0.19090909090909092,0.08181818181818182,5,0,194,6,0,5,15,1,57,109,8,83,4,8,4
Cyle Larin,Mallorca,17,CAN,LW,29-123,13,13,734,2,2,0,14,5,0.13076923076923078,0.13076923076923078,0.07692307692307691,2,0,220,4,1,6,12,1,96,138,5,121,7,9,2
Pape Gueye,Villarreal,18,SEN,CM,25-208,12,12,733,0,0,0,16,5,0.09166666666666667,0.09166666666666667,0.041666666666666664,3,1,436,16,8,6,18,3,264,343,52,265,15,9,0
Marc Roca,Real Betis,21,ESP,DM,27-263,9,9,729,0,1,0,8,0,0.044444444444444446,0.044444444444444446,0.03333333333333334,3,0,504,14,8,16,21,1,382,434,49,310,10,5,4
Vitor Roque,Real Betis,8,BRA,FW,19-186,11,11,726,2,0,0,27,13,0.34545454545454546,0.34545454545454546,0.07272727272727274,0,0,201,3,4,1,18,1,76,110,6,124,14,16,5
Sandro Ramírez,Las Palmas,19,ESP,RW,29-038,12,12,719,4,2,0,15,7,0.125,0.125,0.09166666666666667,2,0,296,15,8,4,18,3,145,218,18,143,19,14,6
Jonathan Bamba,Celta Vigo,17,CIV,AM,28-143,10,10,718,0,0,0,11,4,0.08,0.08,0.12,1,0,429,10,5,6,24,3,271,336,29,279,28,32,13
Javi López,Real Sociedad,12,ESP,LB,22-146,11,11,716,0,0,0,3,0,0.0,0.0,0.02727272727272727,1,0,473,14,3,5,7,0,324,396,25,219,16,12,5
Oliver McBurnie,Las Palmas,16,SCO,FW,28-073,14,14,714,0,3,0,10,4,0.0642857142857143,0.0642857142857143,0.10714285714285714,0,0,275,5,3,4,22,3,141,198,14,145,2,13,7
Alejo Véliz,Espanyol,9,ARG,FW,20-335,12,12,711,1,0,0,13,4,0.1416666666666667,0.1416666666666667,0.041666666666666664,2,0,189,1,2,11,4,0,76,109,5,68,1,5,1
Beñat Prados,Athletic Club,24,ESP,DM,23-189,13,13,707,1,0,0,8,4,0.038461538461538464,0.038461538461538464,0.015384615384615385,5,0,440,14,16,12,8,1,295,358,31,220,10,10,3
Isaac Palazón Camacho,Rayo Vallecano,7,ESP,"FW,RW",29-235,13,13,706,1,0,0,19,4,0.14615384615384613,0.14615384615384613,0.06153846153846154,1,0,329,9,5,6,27,0,176,231,22,177,9,25,9
Nahuel Molina,Atlético Madrid,16,ARG,WB,26-135,10,10,705,0,1,0,4,1,0.04,0.04,0.05,0,0,604,18,6,8,22,2,402,526,27,348,18,14,7
Javi Sánchez,Valladolid,5,ESP,CB,27-158,9,9,702,0,0,0,3,1,0.011111111111111112,0.011111111111111112,0.022222222222222223,2,0,464,8,7,13,4,1,325,382,8,266,0,0,0
Abel Ruiz,Girona,9,ESP,FW,24-200,10,10,701,2,0,1,12,4,0.22000000000000003,0.13999999999999999,0.01,2,0,224,2,2,4,7,1,136,152,12,138,11,13,4
Álvaro Tejero,Espanyol,12,ESP,"RM,RB",28-030,13,13,692,1,2,0,8,2,0.03076923076923077,0.03076923076923077,0.16153846153846155,0,0,385,6,4,7,31,4,225,318,22,167,17,10,2
Alexander Sørloth,Atlético Madrid,9,NOR,FW,28-258,15,15,690,6,2,0,29,12,0.36666666666666664,0.36666666666666664,0.08666666666666667,0,0,268,3,0,2,21,4,107,169,12,132,12,10,5
Lucien Agoume,Sevilla,18,FRA,DM,22-189,13,13,690,0,0,0,3,0,0.007692307692307693,0.007692307692307693,0.038461538461538464,1,1,503,22,11,13,19,1,333,417,32,247,12,12,10
Conor Gallagher,Atlético Madrid,4,ENG,CM,24-201,11,11,689,2,0,0,8,2,0.09999999999999999,0.09999999999999999,0.009090909090909092,1,0,415,20,7,9,9,1,276,329,21,246,6,13,4
Ferland Mendy,Real Madrid,23,FRA,LB,29-071,10,10,684,0,0,0,0,0,0.0,0.0,0.0,1,1,511,15,8,7,2,0,428,460,26,305,8,3,1
Javier Guerra,Valencia,8,ESP,CM,21-229,12,12,679,0,1,0,11,0,0.025000000000000005,0.025000000000000005,0.05833333333333333,1,0,383,23,4,5,16,2,202,281,32,196,10,15,5
Moussa Diarra,Alavés,22,MLI,LB,23-280,10,10,669,0,0,0,0,0,0.0,0.0,0.0,2,0,360,15,8,4,6,1,255,313,36,198,7,4,3
Fran Garcia,Real Madrid,20,ESP,LB,25-011,12,12,667,0,0,0,7,2,0.03333333333333333,0.03333333333333333,0.016666666666666666,0,0,543,9,6,6,14,0,423,482,38,300,14,8,3
Dimitri Foulquier,Valencia,20,FRA,LM,31-147,13,13,664,0,0,0,6,1,0.007692307692307693,0.007692307692307693,0.007692307692307693,2,0,406,21,2,7,10,0,234,328,14,177,9,17,4
Mamadou Sylla,Valladolid,7,SEN,FW,30-152,12,12,664,2,1,2,9,1,0.25,0.125,0.049999999999999996,1,0,156,2,1,3,8,3,59,101,6,60,6,4,1
Iñigo Ruiz de Galarreta,Athletic Club,16,ESP,DM,31-040,12,12,657,0,1,0,2,0,0.0,0.0,0.075,3,0,440,16,2,5,19,1,326,394,64,253,10,6,5
Marc Bartra,Real Betis,5,ESP,CB,33-213,8,8,656,2,0,0,7,4,0.1,0.1,0.0,1,0,513,8,11,9,4,1,337,427,23,308,2,6,3
Djibril Sow,Sevilla,20,SUI,"DM,AM",27-192,12,12,656,1,0,0,9,4,0.125,0.125,0.016666666666666666,3,0,364,5,5,4,20,0,271,308,38,186,10,4,0
Pep Chavarría,Rayo Vallecano,3,ESP,LW,26-130,10,10,653,0,1,0,3,1,0.04,0.04,0.02,1,0,492,13,10,8,11,1,325,415,35,236,12,6,1
Sergio Camello,Rayo Vallecano,14,ESP,FW,23-190,13,13,652,2,0,0,20,6,0.23076923076923078,0.23076923076923078,0.061538461538461535,1,0,236,7,4,7,22,2,126,160,15,137,11,13,7
Donny van de Beek,Girona,6,NED,FW,27-133,11,11,652,1,2,0,7,2,0.03636363636363637,0.02727272727272728,0.23636363636363636,3,0,290,14,3,8,10,2,185,226,18,142,8,8,3
Albert Sambi Lokonga,Sevilla,12,BEL,CM,24-310,9,9,651,0,1,0,5,1,0.022222222222222223,0.022222222222222223,0.03333333333333334,1,0,487,8,2,5,13,1,400,437,48,280,13,7,3
Samuel Lino,Atlético Madrid,12,BRA,"AM,WB,CM",24-240,12,12,651,0,1,0,19,7,0.25,0.25,0.125,1,0,423,9,4,10,17,1,276,345,33,276,24,18,10
Rodrigo De Paul,Atlético Madrid,5,ARG,CM,30-087,14,14,651,1,3,0,4,1,0.04285714285714286,0.04285714285714286,0.1571428571428571,3,0,580,5,2,5,31,4,428,536,75,392,22,8,4
Luka Modrić,Real Madrid,10,CRO,CM,38-344,15,15,649,0,2,0,8,2,0.020000000000000004,0.020000000000000004,0.21333333333333335,3,0,681,7,7,6,44,4,546,623,54,422,17,5,4
Youssouf Sabaly,Real Betis,23,SEN,RB,31-163,9,9,647,0,0,0,3,0,0.011111111111111112,0.011111111111111112,0.044444444444444446,1,0,500,18,6,7,11,1,352,418,28,255,7,15,7
Reinildo Mandava,Atlético Madrid,23,MOZ,WB,30-211,13,13,647,0,0,0,1,1,0.007692307692307693,0.007692307692307693,0.007692307692307693,3,0,506,16,10,7,7,1,361,435,22,290,8,7,2
Ladislav Krejčí,Girona,18,CZE,CB,25-117,8,8,640,2,0,0,6,4,0.1375,0.1375,0.0,3,0,717,6,12,7,5,2,593,663,46,431,14,1,0
Omar Mascarell,Mallorca,5,EQG,CM,31-198,13,13,639,0,0,0,3,1,0.007692307692307693,0.007692307692307693,0.0,2,0,366,14,14,11,2,0,245,283,22,159,5,6,4
Peque,Sevilla,14,ESP,FW,21-317,12,12,639,0,0,0,9,2,0.10833333333333335,0.10833333333333335,0.075,1,0,273,9,6,10,20,0,149,189,21,155,8,14,4
Pol Lozano,Espanyol,10,ESP,CM,24-318,10,10,635,0,0,0,1,0,0.0,0.0,0.02,4,0,337,20,8,10,15,1,212,266,30,156,0,4,0
Antonio Sánchez,Mallorca,18,ESP,RW,27-230,15,15,631,0,0,0,6,1,0.03333333333333333,0.03333333333333333,0.04000000000000001,0,0,343,13,9,8,8,0,184,260,18,160,6,9,4
Sheraldo Becker,Real Sociedad,11,SUR,LW,29-191,13,13,630,1,0,0,15,8,0.08461538461538462,0.08461538461538462,0.06923076923076923,0,0,233,2,1,4,11,0,114,187,15,148,27,6,3
Robin Le Normand,Atlético Madrid,24,ESP,CB,27-282,7,7,630,0,0,0,3,0,0.042857142857142864,0.042857142857142864,0.014285714285714287,2,0,476,11,2,3,2,0,381,424,28,307,4,1,1
Lucas Vázquez,Real Madrid,17,ESP,RB,33-048,12,12,623,1,1,0,2,1,0.016666666666666666,0.016666666666666666,0.06666666666666667,2,0,518,18,3,4,15,1,393,456,30,254,5,8,5
Damián Rodríguez,Celta Vigo,28,ESP,CM,21-152,11,11,622,0,0,0,1,0,0.0,0.0,0.05454545454545456,2,0,553,8,5,4,17,2,453,515,40,337,3,1,0
Axel Witsel,Atlético Madrid,20,BEL,CB,35-220,9,9,620,0,1,0,1,0,0.0,0.0,0.05555555555555555,0,0,485,10,6,9,3,2,380,419,16,299,2,1,1
Giovani Lo Celso,Real Betis,20,ARG,AM,28-157,9,9,617,5,1,1,17,9,0.24444444444444446,0.15555555555555556,0.26666666666666666,1,0,525,17,1,4,47,4,345,433,64,314,9,30,11
Enric Franquesa,Leganés,15,ESP,LW,27-173,12,12,616,1,0,0,3,1,0.025000000000000005,0.025000000000000005,0.008333333333333333,1,0,306,17,5,7,6,0,158,225,12,133,11,21,9
Dani Carvajal,Real Madrid,2,ESP,RB,32-220,8,8,609,1,0,0,3,1,0.1625,0.1625,0.025,1,0,532,12,10,8,12,2,399,463,27,278,13,5,2
David Torres,Valladolid,3,ESP,CB,21-167,8,8,607,0,0,0,1,0,0.0,0.0,0.0,3,0,348,3,2,9,1,0,249,294,16,174,0,0,0
Oriol Romeu,Girona,14,ESP,CM,32-326,10,10,603,0,0,0,1,0,0.0,0.0,0.01,3,0,490,20,2,10,9,0,388,429,32,262,6,5,2
Anastasios Douvikas,Celta Vigo,9,GRE,FW,25-014,15,15,603,3,0,0,16,8,0.26,0.26,0.02,2,0,170,7,3,5,11,1,70,97,7,101,6,13,4
Ilaix Moriba,Celta Vigo,6,GUI,CM,21-210,12,12,602,0,0,0,9,2,0.016666666666666666,0.016666666666666666,0.075,5,1,443,20,5,6,19,0,313,358,34,299,12,12,5
Mika Màrmol,Las Palmas,3,ESP,"CB,LB",22-045,9,9,599,0,0,0,3,0,0.011111111111111112,0.011111111111111112,0.022222222222222223,2,0,480,14,10,14,9,2,335,410,26,252,3,2,2
Adrià Altimira,Leganés,2,ESP,"RM,CM",23-150,9,9,598,0,0,0,3,0,0.011111111111111112,0.011111111111111112,0.0,1,0,296,15,12,7,5,1,168,209,17,144,12,16,6
Adri Embarba,Rayo Vallecano,21,ESP,LM,32-103,12,12,598,0,1,0,16,3,0.07500000000000001,0.07500000000000001,0.09166666666666667,2,0,325,13,4,7,17,0,144,241,20,159,19,18,8
Hugo Sotelo,Celta Vigo,33,ESP,CM,20-257,11,11,598,0,0,0,3,0,0.009090909090909092,0.009090909090909092,0.045454545454545456,4,0,576,14,1,6,17,0,473,540,40,379,13,9,4
Selim Amallah,Valladolid,21,MAR,CM,27-278,10,10,593,1,1,1,11,3,0.13,0.05,0.02,1,0,252,9,7,12,13,1,126,170,24,131,10,24,13
Stoichkov,Alavés,19,ESP,AM,30-285,13,13,592,0,1,0,16,2,0.06153846153846154,0.06153846153846154,0.0923076923076923,1,0,257,13,1,2,26,2,107,178,23,154,8,18,6
Ilias Akhomach,Villarreal,11,MAR,RM,20-125,11,11,584,1,0,0,17,6,0.05454545454545456,0.05454545454545456,0.09090909090909091,1,0,292,12,3,8,29,1,136,185,12,200,30,43,19
Unai López,Rayo Vallecano,17,ESP,CM,28-293,11,11,582,2,0,0,7,4,0.03636363636363637,0.03636363636363637,0.018181818181818184,4,1,444,7,12,7,14,0,320,379,33,243,7,3,2
Bojan Miovski,Girona,19,MKD,FW,25-062,9,9,580,2,1,0,11,4,0.26666666666666666,0.26666666666666666,0.011111111111111112,0,0,114,6,1,4,7,4,54,68,2,57,2,2,0
José Gragera,Espanyol,15,ESP,CM,23-263,10,10,569,0,0,0,2,0,0.0,0.0,0.0,0,0,284,25,5,9,7,0,190,217,14,119,1,4,1
Johnny Cardoso,Real Betis,4,USA,DM,22-330,9,9,565,0,1,0,5,0,0.07777777777777778,0.07777777777777778,0.06666666666666668,1,0,373,18,14,9,10,1,230,275,22,173,3,8,5
Nicolas Pépé,Villarreal,19,CIV,FW,29-082,11,11,565,1,2,0,23,10,0.2,0.2,0.06363636363636363,1,0,322,4,3,3,19,3,196,244,22,213,26,24,12
Sergi Gómez,Espanyol,3,ESP,CB,32-144,10,10,562,0,0,0,2,1,0.03,0.03,0.0,0,0,340,6,6,12,3,0,248,280,5,177,0,0,0
Jesus Vazquez,Valencia,21,ESP,LB,21-228,8,8,559,0,0,0,3,1,0.0,0.0,0.025,2,0,365,16,5,11,5,1,206,274,12,150,21,23,9
Kike Salas,Sevilla,4,ESP,CB,22-115,10,10,558,0,0,0,5,0,0.01,0.01,0.0,2,0,507,6,10,8,4,2,352,443,19,249,2,1,0
Aitor Ruibal,Real Betis,24,ESP,FW,28-146,12,12,558,0,1,0,8,2,0.041666666666666664,0.041666666666666664,0.08333333333333333,2,0,286,12,7,9,21,1,166,209,16,152,11,12,7
Alejandro Francés,Girona,16,ESP,RB,22-028,8,8,556,0,0,0,5,0,0.025,0.025,0.0,1,0,494,19,9,6,9,1,362,422,33,263,9,5,2
Juan Berrocal,Getafe,4,ESP,CB,25-133,7,7,552,0,0,0,1,0,0.028571428571428574,0.028571428571428574,0.0,3,1,238,10,7,1,2,0,136,183,8,91,1,0,0
Mario Martín,Valladolid,12,ESP,DM,20-173,11,11,552,0,1,0,7,3,0.009090909090909092,0.009090909090909092,0.02727272727272727,3,1,326,20,5,8,14,1,209,246,25,179,4,12,8
Juan Cruz Armada,Osasuna,3,ESP,LB,32-020,8,8,550,0,0,0,3,0,0.0125,0.0125,0.0,1,0,278,9,2,4,6,1,169,229,19,104,6,4,1
Ander Barrenetxea,Real Sociedad,7,ESP,LM,22-235,11,11,550,0,1,0,11,2,0.07272727272727274,0.07272727272727274,0.09999999999999999,2,0,320,12,6,9,17,2,157,217,23,203,24,28,9
Yeremi Pino,Villarreal,21,ESP,RM,21-304,12,12,548,0,3,0,11,0,0.09166666666666667,0.09166666666666667,0.225,2,0,273,13,3,8,27,5,151,205,18,163,11,13,7
Chidera Ejuke,Sevilla,21,NGA,RM,26-234,9,9,543,1,0,0,11,5,0.07777777777777778,0.07777777777777778,0.14444444444444446,0,0,342,5,1,6,30,1,211,265,23,243,50,49,31
Juan Soriano,Leganés,1,ESP,GK,26-360,6,6,540,0,0,0,0,0,0.0,0.0,0.0,1,0,199,1,0,0,0,0,98,185,0,90,0,0,0
José Campaña,Las Palmas,8,ESP,DM,31-090,10,10,537,0,1,0,2,1,0.0,0.0,0.039999999999999994,3,0,462,10,14,2,19,1,362,407,38,242,3,9,4
Iván Sánchez,Valladolid,10,ESP,RW,31-331,13,13,534,1,1,0,5,2,0.007692307692307693,0.007692307692307693,0.09999999999999999,3,0,279,13,6,7,22,1,153,216,29,173,22,24,15
Eric Bailly,Villarreal,4,CIV,CB,30-129,8,8,534,0,0,0,3,0,0.037500000000000006,0.037500000000000006,0.0,2,0,327,9,6,11,2,0,236,265,13,164,1,3,3
Williot Swedberg,Celta Vigo,19,SWE,CB,20-197,13,13,533,2,3,0,14,7,0.2153846153846154,0.2153846153846154,0.13076923076923078,1,0,232,6,1,7,11,3,108,154,12,153,12,13,2
Jorge Sáenz,Leganés,3,ESP,CB,27-285,8,8,530,1,0,0,1,1,0.05,0.05,0.0,2,0,442,14,9,5,6,0,303,368,9,255,3,1,0
Héctor Bellerín,Real Betis,2,ESP,RB,29-178,7,7,524,0,1,0,1,1,0.014285714285714287,0.014285714285714287,0.3,1,0,354,12,6,4,11,1,247,305,24,196,3,8,6
Tanguy Nianzou,Sevilla,24,FRA,CB,22-070,6,6,518,0,0,0,2,0,0.03333333333333333,0.03333333333333333,0.0,3,1,376,7,8,2,1,0,285,314,10,207,4,3,3
Ayoze Pérez,Villarreal,22,ESP,FW,31-021,9,9,517,7,0,0,20,7,0.3222222222222222,0.3222222222222222,0.1111111111111111,3,0,189,6,2,5,18,0,95,117,23,130,24,21,9
Beñat Turrientes,Real Sociedad,22,ESP,LM,22-200,11,11,516,0,0,0,5,1,0.03636363636363636,0.03636363636363636,0.0,2,0,290,11,1,11,3,0,201,234,26,140,10,13,5
Iván Balliu,Rayo Vallecano,20,ALB,RB,32-230,9,9,503,0,0,0,0,0,0.0,0.0,0.011111111111111112,1,0,275,9,5,4,7,1,163,229,16,101,4,3,2
Enzo Barrenechea,Valencia,5,ARG,CM,23-116,9,9,499,1,0,0,4,1,0.06666666666666667,0.06666666666666667,0.022222222222222223,3,0,308,11,5,9,9,3,201,254,20,136,3,5,1
Marc-André ter Stegen,Barcelona,1,GER,GK,32-109,6,6,494,0,0,0,0,0,0.0,0.0,0.0,0,0,212,0,0,0,1,0,186,203,0,140,0,0,0
Javier Manquillo,Celta Vigo,22,ESP,CB,30-103,9,9,494,0,0,0,0,0,0.0,0.0,0.0,1,0,376,7,6,5,1,0,298,336,21,228,3,1,0
Toni Martínez,Alavés,11,ESP,FW,27-059,12,12,492,3,0,0,25,9,0.11666666666666668,0.11666666666666668,0.041666666666666664,0,0,182,5,0,5,16,1,61,109,4,70,4,4,3
Juanlu Sánchez,Sevilla,26,ESP,AM,21-001,11,11,490,1,1,0,5,1,0.0818181818181818,0.0818181818181818,0.009090909090909092,3,1,209,7,6,0,12,1,133,167,14,98,9,8,1
Clément Lenglet,Atlético Madrid,15,FRA,CB,29-111,6,6,485,1,0,0,3,1,0.21666666666666665,0.21666666666666665,0.016666666666666666,4,0,370,2,7,5,5,0,278,319,25,252,7,1,1
César Azpilicueta,Atlético Madrid,3,ESP,CB,34-357,6,6,480,0,0,0,3,1,0.03333333333333333,0.03333333333333333,0.0,0,0,427,12,2,2,3,0,339,389,39,230,7,0,0
Dani Olmo,Barcelona,20,ESP,AM,26-112,8,8,472,5,0,0,20,8,0.275,0.275,0.125,0,0,277,6,2,2,18,3,169,212,34,177,14,21,12
Viktor Tsyhankov,Girona,8,UKR,RW,26-284,7,7,471,1,1,0,9,3,0.1285714285714286,0.1285714285714286,0.1285714285714286,1,0,280,4,1,0,14,1,188,242,23,168,13,8,5
Tomás Conechny,Alavés,10,ARG,LW,26-139,9,9,471,1,0,0,14,7,0.13333333333333333,0.13333333333333333,0.022222222222222223,3,0,224,4,4,7,9,0,87,159,5,136,8,3,0
Domingos André Ribeiro Almeida,Valencia,10,POR,FW,24-079,11,11,470,0,0,0,3,1,0.009090909090909092,0.009090909090909092,0.02727272727272728,1,0,286,14,3,6,19,0,197,239,37,163,10,11,6
Brian Oliván,Espanyol,14,ESP,"LM,LB",30-145,10,10,468,0,1,0,1,1,0.0,0.0,0.030000000000000006,0,0,230,6,3,4,10,1,128,190,19,104,8,1,0
Yarek Gasiorowski,Valencia,24,ESP,CB,19-218,6,6,459,0,0,0,1,0,0.016666666666666666,0.016666666666666666,0.016666666666666666,0,0,306,16,6,7,3,0,194,245,11,137,1,0,0
Marcão,Sevilla,23,BRA,CB,28-079,8,8,456,0,0,0,0,0,0.0,0.0,0.0,4,1,312,9,6,9,1,0,223,254,17,170,0,3,0
Abdulai Juma Bah,Valladolid,35,SLE,CB,18-163,6,6,454,0,0,0,1,1,0.0,0.0,0.0,1,0,255,4,6,5,2,0,157,201,11,130,0,3,3
Pathé Ciss,Rayo Vallecano,6,SEN,CM,30-155,10,10,453,0,1,0,5,0,0.030000000000000006,0.030000000000000006,0.04,3,0,307,9,8,7,19,1,191,234,32,130,3,9,5
Eric García,Barcelona,24,ESP,CM,23-221,9,9,452,0,1,0,5,2,0.06666666666666668,0.06666666666666668,0.044444444444444446,0,0,349,10,4,8,9,4,268,297,29,153,8,4,1
Ezequiel Ávila,Real Betis,9,ARG,FW,30-191,13,13,451,2,0,0,17,8,0.13846153846153847,0.13846153846153847,0.05384615384615384,4,0,239,4,1,4,24,2,127,174,17,122,9,7,3
Santiago Mouriño,Alavés,12,URU,"CB,DM",22-214,8,8,451,0,0,0,3,2,0.025,0.025,0.025,1,0,229,13,9,4,3,0,144,178,14,117,7,3,2
Jailson Siqueira,Celta Vigo,16,BRA,AM,28-344,6,6,451,0,0,0,2,1,0.016666666666666666,0.016666666666666666,0.0,0,0,398,7,8,5,7,0,316,351,30,269,4,4,3
Leo Román,Mallorca,13,ESP,GK,24-052,5,5,450,0,0,0,0,0,0.0,0.0,0.0,0,0,184,0,0,0,0,0,104,170,0,88,0,1,1
Juanmi Latasa,Valladolid,14,ESP,FW,23-158,10,10,449,0,0,0,12,0,0.1,0.1,0.01,3,0,131,1,0,2,9,0,48,89,6,51,1,5,3
Carlos Martín,Alavés,15,ESP,FW,22-125,9,9,443,1,0,0,9,4,0.13333333333333333,0.13333333333333333,0.04444444444444444,1,0,161,11,0,7,6,0,61,100,6,89,6,8,2
Óscar Rodríguez Arnaiz,Leganés,7,ESP,CM,26-058,10,10,436,1,2,0,9,3,0.06999999999999999,0.06999999999999999,0.05,3,0,231,11,6,2,15,3,125,179,19,116,7,13,6
Ferrán Torres,Barcelona,7,ESP,LW,24-170,10,10,434,2,2,0,15,7,0.15,0.15,0.04,0,1,184,5,1,5,13,2,95,134,13,96,10,8,6
Álvaro djaló,Athletic Club,11,ESP,LW,25-012,11,11,432,1,0,0,14,3,0.07272727272727274,0.07272727272727274,0.07272727272727274,0,0,143,5,1,2,8,1,51,77,7,91,14,20,8
Unai Gómez,Athletic Club,20,ESP,DM,21-082,15,15,429,0,1,0,6,0,0.03333333333333333,0.03333333333333333,0.013333333333333334,1,0,169,3,2,4,9,0,81,115,14,90,7,17,7
Marvin,Las Palmas,2,ESP,RB,24-044,7,7,427,0,0,0,0,0,0.0,0.0,0.08571428571428572,1,0,245,10,5,4,4,0,146,199,11,119,17,3,1
Pablo Ibáñez,Osasuna,8,ESP,CM,25-339,12,12,426,0,1,0,8,2,0.075,0.075,0.08333333333333333,1,0,197,7,8,9,7,2,92,140,16,89,3,6,3
Dani Gómez,Valencia,17,ESP,FW,26-018,11,11,426,1,0,0,8,4,0.11818181818181818,0.11818181818181818,0.0,0,0,95,3,2,1,3,0,44,61,3,50,2,5,1
Giuliano Simeone,Atlético Madrid,22,ARG,AM,21-257,10,10,426,1,2,0,3,3,0.02,0.02,0.08,2,0,270,8,2,5,9,2,163,214,14,156,23,20,8
Randy Nteka,Rayo Vallecano,11,ANG,FW,26-256,9,9,425,1,0,0,7,3,0.05555555555555555,0.05555555555555555,0.03333333333333334,1,0,139,5,1,4,8,0,57,93,5,53,1,3,0
Gerard Gumbau,Rayo Vallecano,15,ESP,CM,29-244,9,9,422,0,1,0,6,3,0.05555555555555555,0.05555555555555555,0.1,2,0,221,10,3,4,16,1,113,175,15,94,1,3,1
Rubén Peña,Osasuna,15,ESP,RW,33-030,13,13,422,0,0,0,7,2,0.04615384615384616,0.04615384615384616,0.015384615384615385,1,0,173,6,4,9,8,0,56,105,12,82,10,17,6
Adama Boiro,Athletic Club,32,ESP,LB,22-067,6,6,420,0,0,0,1,0,0.0,0.0,0.0,0,0,220,7,5,6,1,0,139,171,14,103,6,7,3
Copete,Mallorca,6,ESP,CM,24-313,10,10,419,0,0,0,4,2,0.030000000000000006,0.030000000000000006,0.0,2,0,261,8,4,5,1,0,166,199,10,124,3,0,0
Aleksandar Sedlar,Alavés,4,SRB,CB,32-256,6,6,415,0,0,0,1,0,0.0,0.0,0.0,1,1,189,15,7,2,1,0,123,154,6,95,1,1,0
Irvin Cardona,Espanyol,24,FRA,"FW,LM",27-011,12,12,413,1,1,0,9,3,0.08333333333333333,0.08333333333333333,0.03333333333333333,1,0,162,7,3,4,17,3,66,106,10,73,11,7,2
Ángel Correa,Atlético Madrid,10,ARG,FW,29-163,14,14,407,2,1,0,18,5,0.2285714285714286,0.2285714285714286,0.07857142857142858,2,0,209,3,2,4,14,3,102,146,11,141,11,18,10
Javi Galán,Atlético Madrid,21,ESP,LB,29-315,7,7,406,0,2,0,2,0,0.0,0.0,0.1857142857142857,3,0,291,10,3,6,12,3,197,235,13,166,15,21,6
Rodrigo Riquelme,Atlético Madrid,17,ESP,LB,24-145,10,10,404,0,0,0,11,4,0.08,0.08,0.05,0,0,265,8,1,2,19,0,163,203,19,187,35,18,4
Sébastien Haller,Leganés,18,CIV,FW,30-083,8,8,404,0,0,0,4,1,0.0625,0.0625,0.025,0,0,129,2,0,1,4,0,54,90,4,55,3,3,1
Pica,Alavés,36,ESP,CB,22-240,6,6,404,0,0,0,3,1,0.05000000000000001,0.05000000000000001,0.0,1,0,220,7,7,6,1,0,138,174,14,114,3,1,1
Anuar,Valladolid,23,MAR,"LM,RM",29-277,6,6,402,1,0,0,3,2,0.08333333333333333,0.08333333333333333,0.016666666666666666,3,0,124,8,4,6,2,1,49,77,1,59,2,3,0
Yaser Asprilla,Girona,10,COL,"RM,FW",20-284,7,7,399,1,0,0,8,1,0.09999999999999999,0.09999999999999999,0.08571428571428572,1,0,282,8,3,1,21,4,174,235,34,180,19,19,7
Gerard Martín,Barcelona,35,ESP,LB,22-229,11,11,390,0,1,0,0,0,0.0,0.0,0.02727272727272728,2,0,322,10,5,8,8,1,229,277,16,120,6,2,0
Arda Güler,Real Madrid,15,TUR,RM,19-175,11,11,389,0,1,0,15,7,0.12727272727272726,0.12727272727272726,0.13636363636363635,1,0,302,11,1,8,26,4,206,240,26,203,11,19,9
Eduardo Camavinga,Real Madrid,6,FRA,CM,21-330,5,5,388,0,1,0,3,0,0.04,0.04,0.02,0,0,310,9,6,9,8,0,229,262,24,188,9,5,2
Álvaro Fernández,Sevilla,1,ESP,GK,26-195,5,5,387,0,0,0,0,0,0.0,0.0,0.02,0,0,180,0,0,0,2,0,111,169,0,99,0,0,0
Jon Pacheco,Real Sociedad,20,ESP,CB,23-223,7,7,386,0,0,0,1,0,0.014285714285714287,0.014285714285714287,0.0,2,0,280,4,4,5,3,0,209,241,12,156,6,0,0
Dani Raba,Leganés,10,ESP,RW,28-293,8,8,383,0,3,1,6,2,0.125,0.025,0.1625,0,0,202,14,6,4,24,4,85,137,12,98,11,21,13
Walid Cheddira,Espanyol,16,MAR,FW,26-219,11,11,383,1,1,0,7,2,0.06363636363636363,0.06363636363636363,0.05454545454545454,2,0,121,3,1,2,10,4,36,55,6,67,5,14,3
Víctor Meseguer,Valladolid,4,ESP,CM,25-071,12,12,381,0,0,0,5,0,0.025000000000000005,0.025000000000000005,0.0,0,0,212,10,2,3,8,1,137,174,21,93,2,3,1
Moi Gómez,Osasuna,16,ESP,LM,30-055,13,13,380,0,0,0,2,0,0.007692307692307693,0.007692307692307693,0.015384615384615385,1,0,242,9,5,2,8,0,149,197,21,130,6,14,8
Juan Herzog,Las Palmas,28,ESP,CB,21-131,5,5,377,0,0,0,3,0,0.04,0.04,0.0,0,0,289,2,4,4,0,0,224,248,11,166,0,1,0
Jorge Herrando,Osasuna,5,ESP,CB,23-171,6,6,375,0,0,0,1,1,0.016666666666666666,0.016666666666666666,0.0,2,0,213,3,1,6,1,0,134,180,7,111,3,0,0
Mikel Vesga,Athletic Club,6,ESP,DM,31-086,9,9,373,0,0,0,1,0,0.0,0.0,0.05555555555555555,1,0,245,8,6,6,7,0,168,207,25,111,2,4,2
Iñigo Lekue,Athletic Club,15,ESP,RB,31-103,7,7,373,0,0,0,0,0,0.0,0.0,0.0,1,0,260,6,3,2,6,0,173,227,20,125,7,3,1
Abderrahman Rebbach,Alavés,21,ALG,"LW,LM",26-017,7,7,361,0,0,0,6,1,0.014285714285714287,0.014285714285714287,0.042857142857142864,1,0,163,3,0,4,10,0,69,111,4,98,15,11,3
Munir El Haddadi,Leganés,23,MAR,LW,28-362,9,9,360,1,0,0,4,2,0.011111111111111112,0.011111111111111112,0.022222222222222223,1,0,144,10,0,5,5,0,66,99,8,84,4,9,1
Iván Villar,Celta Vigo,1,ESP,GK,27-038,4,4,360,0,0,0,0,0,0.0,0.0,0.0,0,0,130,0,0,0,0,0,95,117,0,60,0,0,0
Cárdenas,Rayo Vallecano,1,ESP,GK,27-143,4,4,360,0,0,0,0,0,0.0,0.0,0.0,0,0,109,0,0,0,1,0,57,103,0,50,0,0,0
Roberto López,Leganés,21,ESP,CB,24-115,9,9,358,0,1,0,5,0,0.044444444444444446,0.044444444444444446,0.07777777777777778,0,0,221,7,1,4,13,1,144,193,20,109,3,4,2
Andoni Gorosabel,Athletic Club,2,ESP,RB,28-011,6,6,355,0,1,0,2,1,0.049999999999999996,0.049999999999999996,0.09999999999999999,1,0,254,9,1,4,6,1,174,209,13,110,4,4,2
Kelechi Iheanacho,Sevilla,9,NGA,FW,27-325,7,7,354,0,0,0,9,2,0.2285714285714286,0.2285714285714286,0.042857142857142864,0,0,102,1,0,0,12,0,57,76,5,57,6,4,2
Saúl Ñíguez,Sevilla,17,ESP,LM,29-276,5,5,347,0,2,0,11,3,0.16,0.16,0.16,1,1,227,9,2,6,14,3,141,176,24,122,2,6,2
Carlos Dominguez,Celta Vigo,24,ESP,CB,23-187,6,6,344,0,0,0,2,1,0.016666666666666666,0.016666666666666666,0.0,0,0,340,7,4,4,2,0,261,297,23,203,2,0,0
Brahim Díaz,Real Madrid,21,MAR,LW,25-015,10,10,344,1,2,0,5,1,0.1,0.1,0.16999999999999998,0,0,228,11,1,2,21,5,154,183,23,153,9,17,10
Joan Jordán,Alavés,24,ESP,"DM,RW",30-070,8,8,343,0,2,0,6,1,0.0625,0.0625,0.025,1,0,294,11,2,4,18,3,177,264,38,140,4,3,2
Iker Losada,Real Betis,19,ESP,AM,23-031,10,10,336,0,0,0,5,1,0.04,0.04,0.02,0,0,179,10,3,2,8,0,107,142,14,101,9,5,2
Ricardo Rodríguez,Real Betis,12,SUI,LB,32-000,6,6,334,0,0,0,0,0,0.0,0.0,0.03333333333333333,0,0,230,9,3,2,4,0,159,199,13,111,3,3,3
Allan Nyom,Getafe,12,CMR,LM,36-163,6,6,332,1,1,0,6,2,0.06666666666666667,0.06666666666666667,0.05000000000000001,3,0,199,3,2,1,9,2,132,166,10,98,3,6,1
Raúl Asencio,Real Madrid,35,ESP,CB,21-270,4,4,331,0,1,0,0,0,0.0,0.0,0.125,0,0,282,6,3,0,5,1,228,247,6,176,2,3,2
Hugo Guillamón,Valencia,6,ESP,CM,24-199,8,8,330,0,0,0,1,0,0.0,0.0,0.0,2,0,189,9,5,2,4,1,128,160,10,65,0,0,0
Jesús Navas,Sevilla,16,ESP,RW,38-269,13,13,328,1,0,0,3,2,0.038461538461538464,0.038461538461538464,0.03076923076923077,0,0,241,4,2,0,13,0,169,217,15,123,8,4,3
Orri Steinn Óskarsson,Real Sociedad,9,ISL,FW,20-003,9,9,323,2,0,0,7,3,0.30000000000000004,0.30000000000000004,0.0,0,0,96,4,0,6,2,0,35,60,3,33,1,1,0
Jhon Solis,Girona,22,COL,CM,19-317,7,7,321,0,0,0,2,0,0.014285714285714287,0.014285714285714287,0.0,0,0,233,4,3,10,5,0,177,196,21,151,2,8,5
Alex Padilla,Athletic Club,26,ESP,GK,20-349,5,5,321,0,0,0,0,0,0.0,0.0,0.0,0,0,134,0,0,0,0,0,67,121,0,69,0,0,0
Takuma Asano,Mallorca,11,JPN,"RW,LW",29-282,6,6,319,0,0,0,9,3,0.10000000000000002,0.10000000000000002,0.0,0,0,114,5,2,3,4,0,44,73,9,71,16,9,3
Aihen Muñoz,Real Sociedad,3,ESP,RB,27-016,7,7,318,0,0,0,0,0,0.0,0.0,0.014285714285714287,1,0,201,4,6,2,3,0,124,168,17,95,9,5,2
Dani Ceballos,Real Madrid,19,ESP,"AM,LW",28-018,6,6,316,0,0,0,0,0,0.0,0.0,0.016666666666666666,1,0,348,14,4,4,11,2,294,318,28,216,4,5,3
Álvaro Aguado,Espanyol,18,ESP,CM,28-110,9,9,316,0,0,0,9,0,0.044444444444444446,0.044444444444444446,0.0,1,0,204,4,2,5,13,0,125,164,24,120,8,5,3
Carles Aleñá,Getafe,11,ESP,"CM,RM",26-223,7,7,311,0,0,0,4,1,0.1142857142857143,0.1142857142857143,0.0,1,0,113,6,0,7,3,0,65,82,8,59,2,4,3
Hamari Traoré,Real Sociedad,18,MLI,RB,32-204,4,4,311,0,1,0,0,0,0.0,0.0,0.05,0,0,227,11,3,1,3,1,156,196,11,81,4,3,2
Álvaro Rodríguez,Getafe,18,URU,FW,20-076,8,8,310,1,0,0,8,3,0.075,0.075,0.0125,2,0,132,3,3,11,4,0,33,66,2,52,0,9,4
Fermin López,Barcelona,16,ESP,AM,21-105,10,10,308,0,0,0,9,2,0.06999999999999999,0.06999999999999999,0.05,2,0,171,6,2,1,3,0,113,133,15,102,10,7,2
Raúl,Osasuna,9,ESP,LW,23-288,14,14,307,1,0,0,6,3,0.028571428571428574,0.028571428571428574,0.03571428571428571,0,0,87,3,0,2,7,1,36,60,3,53,5,7,6
Alfonso Espino,Rayo Vallecano,22,URU,LB,32-226,4,4,304,0,0,0,3,1,0.0,0.0,0.0,1,0,170,16,7,6,3,0,71,121,8,54,5,6,3
Manuel Fuster,Las Palmas,14,ESP,"DM,LW",26-299,10,10,293,1,0,0,6,1,0.02,0.02,0.05,0,0,216,5,1,4,18,1,143,181,17,120,8,5,1
Valentín Barco,Sevilla,19,ARG,"LB,WB",20-040,7,7,288,0,0,0,7,0,0.028571428571428574,0.028571428571428574,0.09999999999999999,0,0,237,15,2,0,10,0,139,191,13,122,4,13,3
Aritz Elustondo,Real Sociedad,6,ESP,CB,30-143,6,6,282,0,0,0,1,0,0.03333333333333333,0.03333333333333333,0.016666666666666666,0,0,234,6,2,6,4,0,166,199,11,114,4,2,0
Benito Ramírez,Las Palmas,11,ESP,LB,29-045,10,10,279,0,0,0,5,0,0.01,0.01,0.05,1,0,250,3,1,6,16,0,169,211,11,129,11,4,0
José Luis Gayà,Valencia,14,ESP,LB,29-149,4,4,279,0,1,0,0,0,0.0,0.0,0.17500000000000002,1,0,191,6,4,0,9,2,118,161,9,108,8,5,1
Ander Herrera,Athletic Club,21,ESP,DM,35-001,8,8,273,0,0,1,7,3,0.21250000000000002,0.1125,0.0125,2,0,237,8,2,2,11,0,180,199,16,116,2,4,2
Héctor Fort,Barcelona,32,ESP,RB,18-044,8,8,272,0,0,0,2,0,0.0125,0.0125,0.075,1,0,254,6,4,5,7,0,197,220,13,125,6,4,2
Cédric Bakambu,Real Betis,11,COD,FW,33-165,9,9,272,0,1,0,8,3,0.13333333333333336,0.13333333333333336,0.022222222222222223,1,0,83,1,0,4,4,0,28,51,4,41,1,4,1
Juanpe,Girona,15,ESP,CB,33-144,4,4,271,0,0,0,0,0,0.0,0.0,0.0,1,0,257,7,4,7,2,0,199,219,14,120,1,0,0
Diego,Leganés,19,ESP,FW,24-121,8,8,271,1,0,0,8,3,0.1,0.1,0.0,0,0,89,0,0,0,3,0,37,56,5,52,2,4,0
Unai Núñez,Athletic Club,14,ESP,CB,27-233,3,3,270,0,0,0,1,0,0.06666666666666667,0.06666666666666667,0.0,1,0,178,2,12,2,0,0,126,145,10,89,0,1,1
Andriy Lunin,Real Madrid,13,UKR,GK,25-237,3,3,270,0,1,0,0,0,0.0,0.0,0.3,0,0,108,0,0,0,1,1,87,106,0,64,0,0,0
Jaime Mata,Las Palmas,17,ESP,RW,35-297,13,13,265,0,0,0,6,1,0.06923076923076923,0.06923076923076923,0.0,3,0,95,3,1,3,5,1,46,67,2,49,4,3,2
Toni Lato,Mallorca,3,ESP,LB,26-284,5,5,263,0,0,0,0,0,0.0,0.0,0.04,0,1,187,7,3,3,11,1,112,156,11,78,7,3,0
Nabil Aberdin,Getafe,27,FRA,DM,21-358,7,7,263,0,0,0,2,0,0.0,0.0,0.0,1,0,87,6,0,3,3,0,36,61,6,34,2,3,2
Enzo Loiodice,Las Palmas,12,FRA,DM,23-263,7,7,257,0,0,0,1,0,0.0,0.0,0.014285714285714287,1,0,220,4,3,3,6,0,151,186,11,128,2,3,0
Alfon,Celta Vigo,12,ESP,RW,25-114,8,8,257,1,0,0,13,4,0.1875,0.1875,0.1125,0,1,106,2,1,2,19,1,50,72,7,82,17,14,8
Adnan Januzaj,Las Palmas,24,BEL,CM,29-229,5,5,256,0,1,0,7,1,0.06000000000000001,0.06000000000000001,0.06000000000000001,2,0,178,3,0,2,15,3,103,142,17,108,10,15,4
Marcos André,Valladolid,9,BRA,FW,27-310,7,7,252,0,0,0,3,0,0.028571428571428574,0.028571428571428574,0.0,2,0,69,0,1,2,3,0,25,39,0,43,1,7,3
Pablo Torre,Barcelona,14,ESP,RM,21-150,7,7,248,3,1,0,3,3,0.042857142857142864,0.042857142857142864,0.07142857142857142,0,0,181,5,1,0,13,2,128,157,15,92,5,5,2
William Carvalho,Real Betis,14,POR,DM,32-130,4,4,247,0,0,0,3,1,0.025,0.025,0.0,0,0,205,3,3,4,7,0,151,183,20,137,1,4,3
Assane Diao,Real Betis,38,ESP,RW,18-360,7,7,244,0,2,0,5,0,0.05714285714285715,0.05714285714285715,0.17142857142857146,0,0,89,4,0,2,5,2,35,47,1,42,7,9,2
Marc Bernal,Barcelona,28,ESP,DM,17-083,3,3,242,0,0,0,2,1,0.03333333333333333,0.03333333333333333,0.0,2,0,184,8,1,5,1,0,148,160,8,97,0,3,2
Rafa Mir,Valencia,11,ESP,RM,27-060,4,4,239,0,1,0,4,0,0.05,0.05,0.1,1,0,69,6,0,1,1,1,27,42,3,27,2,4,0
Sergio Carreira,Celta Vigo,5,ESP,RM,23-315,4,4,237,0,0,0,1,0,0.0,0.0,0.2,0,0,143,6,1,2,10,0,97,113,8,84,6,5,2
Peter Federico,Getafe,19,DOM,"RM,LM",22-021,9,9,237,0,0,0,4,1,0.03333333333333334,0.03333333333333334,0.0,0,0,90,5,0,3,3,0,36,55,5,43,1,7,1
Carlos Benavídez,Alavés,23,URU,DM,26-139,6,6,230,1,1,0,2,1,0.016666666666666666,0.016666666666666666,0.09999999999999999,1,0,118,5,5,1,7,2,75,101,10,77,2,3,2
Cristhian Stuani,Girona,7,URU,FW,37-308,11,11,229,4,1,2,10,5,0.3909090909090909,0.2545454545454545,0.009090909090909092,1,0,68,2,2,1,6,1,24,38,0,28,1,3,2
Jesús Santiago,Getafe,20,ESP,CM,20-082,10,10,227,0,0,0,1,0,0.0,0.0,0.0,2,0,100,7,0,4,4,0,54,74,7,47,1,4,0
Umar Sadiq,Real Sociedad,19,NGA,FW,27-204,7,7,227,0,0,0,5,0,0.028571428571428574,0.028571428571428574,0.028571428571428574,1,0,85,2,1,3,3,0,25,48,5,49,5,9,5
Amath,Valladolid,19,SEN,RW,28-034,5,5,226,0,1,0,3,0,0.04,0.04,0.04,0,0,83,0,1,3,7,1,45,60,8,54,6,5,2
Darwin Machís,Valladolid,18,VEN,LM,31-200,4,4,223,0,0,0,6,0,0.175,0.175,0.025,0,0,95,0,1,2,4,0,42,75,9,45,1,4,1
Hugo Novoa,Alavés,16,ESP,RW,21-228,4,4,222,0,0,0,1,0,0.125,0.125,0.05,0,0,93,8,0,2,5,0,49,63,2,46,6,9,3
Pau Navarro,Villarreal,26,ESP,CB,19-154,5,5,220,0,0,0,0,0,0.0,0.0,0.0,0,0,151,6,0,3,0,0,104,124,9,62,0,3,1
Valery Fernández,Mallorca,16,ESP,"RM,RB",24-296,9,9,219,2,0,0,3,3,0.1,0.1,0.0,1,0,82,7,0,2,2,1,47,55,3,46,1,4,0
Asier Villalibre,Alavés,9,ESP,FW,26-321,7,7,213,1,0,1,5,1,0.18571428571428572,0.07142857142857142,0.0,0,0,61,0,1,1,5,0,27,39,4,33,2,2,0
Dinko Horkaš,Las Palmas,13,CRO,GK,25-204,3,3,211,0,0,0,0,0,0.0,0.0,0.0,1,0,103,0,0,0,0,0,83,97,0,57,0,0,0
Pere Milla,Espanyol,11,ESP,"LM,CM",31-331,7,7,210,0,0,0,4,1,0.028571428571428574,0.028571428571428574,0.014285714285714287,2,0,114,3,2,6,5,0,48,84,3,51,4,4,1
Abdón Prats,Mallorca,9,ESP,FW,31-261,12,12,206,2,0,1,9,3,0.15,0.09166666666666667,0.0,3,0,72,1,0,1,2,0,28,41,5,37,0,0,0
Frenkie de Jong,Barcelona,21,NED,DM,27-147,7,7,204,1,1,0,2,1,0.028571428571428574,0.028571428571428574,0.17142857142857143,0,0,182,1,1,2,9,4,157,169,21,124,5,4,2
Luka Romero,Alavés,20,ARG,RW,19-272,6,6,199,0,0,1,1,0,0.13333333333333333,0.0,0.016666666666666666,0,0,69,4,1,2,8,1,34,49,0,42,3,3,1
Cenk Özkacar,Valladolid,6,TUR,FW,23-330,4,4,196,0,0,0,1,0,0.025,0.025,0.0,0,0,128,3,7,4,0,0,81,98,3,45,1,0,0
Juanmi,Real Betis,7,ESP,LW,31-087,8,8,190,0,0,0,4,1,0.0625,0.0625,0.0375,2,0,78,6,1,4,3,0,41,52,2,42,4,5,4
Gabriel Osei Misehouy,Girona,27,NED,"FW,RM",19-028,6,6,188,1,0,0,5,2,0.16666666666666666,0.16666666666666666,0.03333333333333333,0,0,87,0,0,0,7,1,60,69,13,63,4,9,6
Fernando Calero,Espanyol,5,ESP,CB,28-349,3,3,187,0,0,0,0,0,0.0,0.0,0.0,0,0,133,4,5,3,1,0,85,101,1,62,0,0,0
Pablo Durán,Celta Vigo,18,ESP,RW,23-090,6,6,186,0,1,0,2,0,0.03333333333333333,0.03333333333333333,0.08333333333333333,0,0,77,3,2,1,8,1,40,55,2,53,6,3,2
Sergi Canós,Valencia,7,ESP,LM,27-211,7,7,184,0,0,0,8,3,0.05714285714285715,0.05714285714285715,0.014285714285714287,1,0,122,6,2,2,14,0,47,85,4,63,7,8,1
Portu,Girona,24,ESP,LW,32-086,7,7,183,0,1,0,1,0,0.0,0.0,0.05714285714285715,2,0,84,4,0,3,4,2,51,66,5,44,3,2,1
Domingos Duarte,Getafe,22,POR,CB,29-245,3,3,182,0,0,0,0,0,0.0,0.0,0.0,0,0,93,2,2,1,0,0,72,83,6,57,1,0,0
Julián Chicco,Leganés,24,ARG,AM,26-217,7,7,181,0,0,0,1,0,0.0,0.0,0.014285714285714287,0,0,102,6,2,2,2,0,59,74,14,56,5,3,2
Nabil Fekir,Real Betis,8,FRA,AM,31-028,2,2,180,0,1,0,7,1,0.3,0.3,0.25,0,0,107,3,0,2,12,1,67,82,10,72,9,5,0
Gerard Moreno,Villarreal,7,ESP,FW,32-134,4,4,179,1,1,1,9,5,0.35000000000000003,0.15000000000000002,0.375,0,0,101,2,1,0,12,1,63,80,15,62,0,6,3
Aritz Arambarri,Leganés,22,ESP,CB,26-199,2,2,177,0,0,0,1,0,0.0,0.0,0.0,0,0,86,1,3,2,1,0,49,67,2,44,0,0,0
Mateu Morey,Mallorca,2,ESP,RB,24-266,3,3,175,0,0,0,0,0,0.0,0.0,0.0,0,0,125,3,6,1,3,1,79,102,5,52,5,3,2
Lucas Ocampos,Sevilla,5,ARG,"LW,RW",30-036,2,2,175,0,1,0,4,2,0.1,0.1,0.15,0,0,115,3,0,2,7,2,65,91,7,63,5,8,2
Sergi Dominguez,Barcelona,36,ESP,CB,19-152,3,3,172,0,0,0,0,0,0.0,0.0,0.0,1,0,191,1,3,0,0,0,171,180,13,127,0,0,0
Óscar Trejo,Rayo Vallecano,8,ARG,AM,36-120,5,5,167,0,0,0,2,0,0.06000000000000001,0.06000000000000001,0.2,0,0,132,3,1,1,5,0,77,97,14,66,2,10,4
Pau Victor Delgado,Barcelona,18,ESP,LW,22-265,11,11,166,2,1,0,7,4,0.17272727272727273,0.17272727272727273,0.045454545454545456,2,0,104,1,2,5,6,2,59,74,4,59,1,10,7
Gavi,Barcelona,6,ESP,DM,20-076,7,7,164,0,0,0,0,0,0.0,0.0,0.09999999999999999,1,0,159,5,4,5,7,1,116,133,12,85,1,6,2
Silvi Clúa,Girona,28,ESP,CM,19-271,4,4,163,0,0,0,2,1,0.0,0.0,0.0,0,0,116,8,2,1,2,0,75,95,3,61,3,4,2
Rafael Bauza,Espanyol,35,ESP,DM,19-278,3,3,154,0,0,0,3,0,0.0,0.0,0.0,1,0,65,4,0,3,1,0,40,47,7,34,1,2,1
Iker Muñoz,Osasuna,18,ESP,RM,21-286,5,5,153,0,0,0,1,0,0.0,0.0,0.0,0,0,74,1,1,2,0,0,47,64,2,38,1,1,1
Chiquinho,Mallorca,20,POR,AM,24-231,6,6,143,0,0,0,3,2,0.05000000000000001,0.05000000000000001,0.0,2,0,71,1,2,3,7,1,21,32,1,39,3,12,4
Suso,Sevilla,10,ESP,FW,30-310,6,6,142,0,0,0,5,1,0.016666666666666666,0.016666666666666666,0.03333333333333333,0,0,118,1,0,0,13,0,73,94,11,80,6,15,7
Raúl Chasco,Valladolid,30,ESP,LB,21-014,2,2,130,0,0,0,0,0,0.0,0.0,0.0,0,0,74,4,2,1,2,1,35,58,3,28,1,2,0
Borja Mayoral,Getafe,9,ESP,FW,27-166,5,5,130,1,0,1,3,1,0.24000000000000005,0.08,0.06,0,0,55,1,0,1,2,0,20,37,0,32,0,3,3
Ansu Fati,Barcelona,10,ESP,"RW,LW",21-341,4,4,127,0,0,0,5,3,0.15000000000000002,0.15000000000000002,0.025,1,0,80,1,0,0,4,0,52,61,3,59,4,5,2
Ramón Terrats,Villarreal,20,ESP,CM,23-306,10,10,126,0,0,0,2,0,0.0,0.0,0.03,1,0,105,3,2,3,4,0,64,78,7,64,1,6,1
James Rodríguez,Rayo Vallecano,10,COL,LW,33-066,5,5,126,0,0,0,3,2,0.0,0.0,0.04,1,0,102,3,1,2,6,0,68,85,12,62,3,4,2
Rodri,Real Betis,17,ESP,RW,24-091,3,3,118,0,0,0,2,2,0.03333333333333333,0.03333333333333333,0.03333333333333333,0,0,86,2,1,2,11,0,56,66,8,57,4,6,2
Stanis Idumbo,Sevilla,27,BEL,RW,19-064,4,4,116,1,0,0,1,1,0.15,0.15,0.0,0,0,38,4,3,2,0,0,12,15,1,26,4,6,4
Nacho Vidal,Osasuna,2,ESP,RB,29-213,4,4,116,0,0,0,0,0,0.0,0.0,0.0,0,0,56,2,0,1,0,0,35,44,1,21,2,2,2
Marc Domenech,Mallorca,30,ESP,LW,18-239,3,3,115,0,0,0,3,1,0.03333333333333333,0.03333333333333333,0.0,0,0,36,0,0,2,1,0,15,22,2,16,0,1,1
Denis Suárez,Villarreal,6,ESP,LM,30-260,5,5,115,0,0,0,3,2,0.1,0.1,0.02,0,0,51,1,0,1,5,0,30,41,4,35,5,3,3
Aridane Hernández,Rayo Vallecano,5,ESP,CB,35-211,3,3,114,0,0,0,2,1,0.13333333333333333,0.13333333333333333,0.0,0,0,74,2,2,0,1,0,53,58,13,33,1,1,0
Mihailo Ristić,Celta Vigo,21,SRB,LM,29-004,2,2,111,0,0,0,0,0,0.0,0.0,0.0,0,0,66,2,0,0,0,0,39,51,1,37,0,6,1
Carlos Guirao,Real Betis,34,ESP,DM,21-210,2,2,110,0,0,0,0,0,0.0,0.0,0.0,0,0,60,5,3,1,0,0,36,46,2,28,1,1,1
Nicolás Serrano,Athletic Club,22,ESP,RW,21-228,2,2,97,0,0,0,3,0,0.05,0.05,0.0,0,0,46,1,0,4,2,0,19,31,3,21,0,7,3
Pedro Díaz,Rayo Vallecano,4,ESP,LW,26-080,5,5,94,0,0,0,2,0,0.04,0.04,0.0,1,0,70,1,1,3,4,0,43,53,7,26,0,0,0
Daley Sinkgraven,Las Palmas,22,NED,LB,29-079,2,2,91,0,0,0,0,0,0.0,0.0,0.0,0,0,77,5,1,1,2,0,50,66,3,46,2,1,1
Maximiliano Caufriez,Valencia,2,BEL,CB,27-254,1,1,90,0,0,0,0,0,0.0,0.0,0.0,0,0,23,1,1,2,0,0,11,14,1,8,0,0,0
Jon Martin,Real Sociedad,31,ESP,CB,18-240,2,2,90,0,0,0,2,0,0.05,0.05,0.0,1,0,44,0,1,1,1,0,20,30,2,18,0,0,0
Willy Kambwala,Villarreal,5,FRA,CB,19-364,1,1,90,0,0,0,0,0,0.0,0.0,0.0,0,0,50,4,0,1,0,0,30,41,2,20,0,0,0
Juan Musso,Atlético Madrid,1,ARG,GK,30-117,1,1,90,0,0,0,0,0,0.0,0.0,0.0,0,0,30,0,0,0,0,0,23,29,0,13,0,0,0
Justin Smith,Espanyol,40,CAN,CM,21-273,2,2,89,0,0,0,0,0,0.0,0.0,0.0,0,0,25,4,2,1,0,0,9,15,1,13,1,2,1
Chuky san jose,Valladolid,28,ESP,CM,20-112,4,4,89,0,0,0,0,0,0.0,0.0,0.0,1,0,20,1,0,2,2,0,7,12,0,11,0,0,0
Olasagasti,Real Sociedad,16,ESP,CM,24-008,5,5,87,0,0,0,1,0,0.02,0.02,0.0,0,0,52,3,1,0,3,0,34,42,3,21,4,3,1
Jesus Rodríguez,Real Betis,36,ESP,"RW,LW",19-010,1,1,82,0,0,0,1,1,0.1,0.1,0.0,0,0,41,1,1,0,3,0,12,21,0,25,3,11,3
Pablo Marín,Real Sociedad,28,ESP,LM,21-052,4,4,81,0,0,0,0,0,0.0,0.0,0.0,0,0,52,3,0,0,1,0,25,41,3,23,1,3,3
Germán Valera,Valencia,30,ESP,RM,22-183,6,6,78,0,0,0,2,1,0.016666666666666666,0.016666666666666666,0.0,0,0,40,1,3,0,4,0,20,26,2,25,1,3,1
Alberto Risco,Getafe,26,ESP,LW,18-360,5,5,69,0,0,0,4,1,0.02,0.02,0.02,0,0,57,4,0,2,6,0,25,34,3,32,3,6,1
Endrick,Real Madrid,16,BRA,FW,18-035,10,10,69,1,0,0,9,3,0.05,0.05,0.0,1,0,46,0,1,0,3,2,24,30,3,30,5,5,2
Marc Cardona,Las Palmas,9,ESP,FW,29-039,5,5,68,0,0,0,2,0,0.04,0.04,0.0,1,0,34,1,0,0,1,0,21,24,0,17,1,2,0
Sergi Guardiola,Rayo Vallecano,12,ESP,FW,33-110,4,4,66,0,0,0,0,0,0.0,0.0,0.0,0,0,33,1,0,0,2,0,14,24,1,22,0,0,0
Rodrigo Abajas,Valencia,39,ESP,LB,21-162,1,1,65,0,0,0,1,0,0.1,0.1,0.0,1,0,36,3,1,1,0,0,17,29,2,13,3,1,1
Antoniu,Espanyol,31,ESP,LM,21-349,4,4,59,0,0,0,3,0,0.05,0.05,0.025,2,0,35,3,1,0,4,0,6,16,0,14,1,2,2
Javi Martón,Athletic Club,19,ESP,FW,25-114,3,3,53,0,0,0,0,0,0.0,0.0,0.0,1,0,14,0,0,0,1,0,6,7,0,6,0,0,0
Fabio González,Las Palmas,6,ESP,CM,27-216,2,2,53,0,0,0,2,0,0.05,0.05,0.0,0,0,57,0,0,0,2,1,43,53,6,37,0,0,0
Juan Bernat,Villarreal,12,ESP,LM,31-183,7,7,49,0,1,0,0,0,0.0,0.0,0.042857142857142864,0,0,42,3,0,2,2,1,25,31,2,25,2,3,0
Martín Tejón,Valencia,32,ESP,LB,20-127,4,4,49,0,0,0,1,0,0.025,0.025,0.0,0,0,34,2,0,0,1,0,20,26,4,17,0,4,2
Iker Almena,Girona,30,ESP,"WB,LW",20-103,2,2,48,0,1,0,1,0,0.0,0.0,0.3,0,0,39,0,0,1,3,2,23,32,2,32,6,3,2
Papa Ba,Girona,44,ESP,RM,20-044,1,1,48,0,0,0,1,0,0.0,0.0,0.0,0,0,20,1,0,1,2,0,5,13,0,9,1,2,1
Coba da Costa,Getafe,29,ESP,LW,22-128,1,1,45,0,0,0,1,1,0.0,0.0,0.0,0,0,16,2,1,1,1,0,4,8,0,11,3,2,1
Urko González,Real Sociedad,15,ESP,CM,23-151,1,1,45,0,0,0,0,0,0.0,0.0,0.0,1,0,20,0,0,1,1,0,10,17,1,12,0,0,0
Álvaro Odriozola,Real Sociedad,2,ESP,RB,28-278,2,2,43,0,0,0,0,0,0.0,0.0,0.0,1,0,35,1,0,0,1,0,22,30,3,21,0,0,0
Pau Cabanes,Villarreal,33,ESP,RM,19-226,3,3,38,0,0,0,0,0,0.0,0.0,0.0,0,0,28,2,0,2,2,1,16,20,2,16,2,2,0
Francisco Perez,Valencia,23,ESP,RM,22-015,3,3,37,0,0,0,1,0,0.0,0.0,0.0,0,0,23,1,0,1,0,0,9,14,2,12,1,0,0
Iker Benito,Osasuna,27,ESP,LW,22-019,2,2,37,0,0,0,0,0,0.0,0.0,0.0,0,0,18,0,1,0,1,0,9,13,0,8,2,1,0
José Arnaiz,Osasuna,20,ESP,RW,29-154,4,4,33,0,0,0,1,0,0.0,0.0,0.025,0,0,27,2,1,0,2,0,10,17,2,17,2,2,0
John Joe,Getafe,31,IRL,LW,20-313,3,3,32,0,0,0,2,0,0.03333333333333333,0.03333333333333333,0.0,0,0,26,0,0,1,0,0,14,17,0,18,1,4,2
Mateo Flores,Real Betis,46,ESP,DM,20-195,2,2,31,0,0,0,0,0,0.0,0.0,0.0,0,0,15,0,0,0,1,0,10,12,1,10,0,0,0
Naci Ünüvar,Espanyol,37,NED,"LM,LB",21-105,2,2,31,0,0,0,1,0,0.0,0.0,0.0,0,0,23,2,0,0,2,0,13,18,1,14,1,2,0
Abdoulaye Keita,Getafe,36,ESP,LM,22-024,1,1,28,0,0,0,0,0,0.0,0.0,0.0,0,0,9,0,0,1,0,0,2,7,1,1,0,0,0
Andreas Christensen,Barcelona,15,DEN,CB,28-129,1,1,27,0,0,0,0,0,0.0,0.0,0.0,1,0,18,0,0,0,0,0,14,16,0,9,0,0,0
Kim Minsu,Girona,29,KOR,RM,18-274,3,3,22,0,0,0,0,0,0.0,0.0,0.0,0,0,18,1,0,0,0,0,9,10,0,12,0,2,0
Daniel Luna,Mallorca,33,COL,RM,21-178,2,2,20,0,0,0,0,0,0.0,0.0,0.0,0,0,17,0,0,1,1,0,8,13,0,11,1,3,1
Peio Canales,Athletic Club,28,ESP,AM,19-256,1,1,20,0,0,0,1,0,0.0,0.0,0.0,0,0,17,1,1,0,0,0,9,11,0,10,0,1,0
Gorka Rivera Alonso,Getafe,30,ESP,"LM,LB,CB",20-044,1,1,20,0,0,0,0,0,0.0,0.0,0.0,0,0,17,2,0,0,0,0,5,11,1,5,0,2,0
Mario Maroto,Valladolid,34,ESP,CM,20-304,1,1,19,0,1,0,0,0,0.0,0.0,0.1,0,0,19,0,2,0,2,1,11,15,1,5,0,1,1
Adu Ares,Athletic Club,23,ESP,RW,22-317,1,1,19,0,0,0,0,0,0.0,0.0,0.0,0,0,11,0,0,0,1,0,5,9,3,8,1,1,0
Israel Domínguez,Sevilla,41,ESP,LW,21-180,1,1,18,0,0,0,0,0,0.0,0.0,0.0,0,0,2,0,0,0,0,0,2,2,0,1,0,0,0
Ferrán Ruiz,Girona,45,ESP,DM,21-198,1,1,18,0,0,0,0,0,0.0,0.0,0.0,0,0,9,0,1,2,0,0,3,6,1,5,0,0,0
Pejiño,Las Palmas,7,ESP,FW,28-059,1,1,16,0,0,0,1,0,0.0,0.0,0.0,0,0,9,1,0,0,1,0,6,7,1,9,1,0,0
David Otorbi,Valencia,27,ESP,LM,16-306,1,1,14,0,0,0,0,0,0.0,0.0,0.0,0,0,6,0,0,1,0,0,2,4,0,3,1,2,0
Gonzalo Montiel,Sevilla,15,ARG,"LM,FW",27-257,3,3,12,0,0,0,1,0,0.0,0.0,0.0,0,0,13,0,0,0,0,0,7,9,0,9,1,1,0
Franco Cervi,Celta Vigo,11,ARG,WB,30-132,1,1,12,0,0,0,0,0,0.0,0.0,0.0,0,0,6,0,1,0,0,0,4,5,1,3,0,0,0
Mateo Mejía,Sevilla,34,ESP,FW,21-182,1,1,11,0,0,0,0,0,0.0,0.0,0.0,0,0,2,0,0,0,1,0,0,1,0,1,0,1,0
Jesús Vallejo,Real Madrid,18,ESP,CB,27-263,1,1,11,0,0,0,0,0,0.0,0.0,0.0,0,0,16,0,0,0,0,0,12,14,0,13,0,0,0
Kenedy,Valladolid,24,BRA,CM,28-220,2,2,9,0,0,0,1,0,0.0,0.0,0.0,0,0,5,0,0,1,0,0,1,2,0,4,1,1,0
Thomas Lemar,Atlético Madrid,11,FRA,CM,28-350,1,1,7,0,0,0,0,0,0.0,0.0,0.0,0,0,8,0,0,0,1,0,6,6,2,6,0,1,0
Alberto Marí,Valencia,19,ESP,FW,23-043,1,1,7,0,0,0,0,0,0.0,0.0,0.0,0,0,4,0,0,0,1,0,2,4,1,2,0,0,0
David Argüelles,Getafe,34,ESP,LM,22-300,1,1,7,0,0,0,0,0,0.0,0.0,0.0,0,0,7,0,0,2,0,0,3,5,0,3,1,0,0
Jon Magunacelaya,Real Sociedad,25,ESP,RM,24-077,2,2,7,0,0,0,0,0,0.0,0.0,0.0,0,0,16,1,0,0,1,1,7,13,1,9,0,0,0
Javi Martínez,Osasuna,21,ESP,DM,24-251,1,1,6,0,0,0,0,0,0.0,0.0,0.0,0,0,10,0,0,0,0,0,9,9,1,6,0,0,0
Aboubacar Bassinga,Las Palmas,26,CIV,AM,19-034,1,1,4,0,0,0,0,0,0.0,0.0,0.0,0,0,4,0,0,0,0,0,2,4,0,3,0,0,0
Joseph Aidoo,Celta Vigo,15,GHA,CB,28-352,1,1,2,0,0,0,0,0,0.0,0.0,0.0,0,0,8,1,0,0,0,0,6,7,1,7,0,0,0
Tadeo Allende,Celta Vigo,23,ARG,FW,25-258,1,1,2,0,0,0,0,0,0.0,0.0,0.0,0,0,4,0,0,0,0,0,1,3,0,3,0,1,0
